,cStatoCT,cConteaCT,nSitCT,dateCT,O3meanCT
0,9.0,1.0,9003.0,2008-03-31,0.038
1,9.0,1.0,9003.0,2008-04-01,0.035167
2,9.0,1.0,9003.0,2008-04-02,0.036083
3,9.0,1.0,9003.0,2008-04-03,0.028458
4,9.0,1.0,9003.0,2008-04-04,0.027125
5,9.0,1.0,9003.0,2008-04-05,0.029292
6,9.0,1.0,9003.0,2008-04-06,0.035917
7,9.0,1.0,9003.0,2008-04-07,0.03825
8,9.0,1.0,9003.0,2008-04-08,0.029875
9,9.0,1.0,9003.0,2008-04-09,0.032417
10,9.0,1.0,9003.0,2008-04-10,0.026292
11,9.0,1.0,9003.0,2008-04-11,0.028625
12,9.0,1.0,9003.0,2008-04-12,0.024042
13,9.0,1.0,9003.0,2008-04-13,0.031708
14,9.0,1.0,9003.0,2008-04-14,0.025917
15,9.0,1.0,9003.0,2008-04-15,0.026167
16,9.0,1.0,9003.0,2008-04-16,0.024208
17,9.0,1.0,9003.0,2008-04-17,0.026917
18,9.0,1.0,9003.0,2008-04-18,0.024625
19,9.0,1.0,9003.0,2008-04-19,0.045708
20,9.0,1.0,9003.0,2008-04-20,0.040375
21,9.0,1.0,9003.0,2008-04-21,0.031458
22,9.0,1.0,9003.0,2008-04-22,0.022833
23,9.0,1.0,9003.0,2008-04-23,0.025542
24,9.0,1.0,9003.0,2008-04-24,0.030292
25,9.0,1.0,9003.0,2008-04-25,0.040417
26,9.0,1.0,9003.0,2008-04-26,0.045958
27,9.0,1.0,9003.0,2008-04-27,0.041958
28,9.0,1.0,9003.0,2008-04-28,0.026833
29,9.0,1.0,9003.0,2008-04-29,0.029208
30,9.0,1.0,9003.0,2008-04-30,0.0265
31,9.0,1.0,9003.0,2008-05-01,0.0375
32,9.0,1.0,9003.0,2008-05-02,0.050208
33,9.0,1.0,9003.0,2008-05-03,0.046917
34,9.0,1.0,9003.0,2008-05-04,0.032208
35,9.0,1.0,9003.0,2008-05-05,0.030542
36,9.0,1.0,9003.0,2008-05-06,0.024625
37,9.0,1.0,9003.0,2008-05-07,0.0455
38,9.0,1.0,9003.0,2008-05-08,0.039875
39,9.0,1.0,9003.0,2008-05-09,0.024542
40,9.0,1.0,9003.0,2008-05-10,0.0265
41,9.0,1.0,9003.0,2008-05-11,0.037458
42,9.0,1.0,9003.0,2008-05-12,0.037083
43,9.0,1.0,9003.0,2008-05-13,0.0325
44,9.0,1.0,9003.0,2008-05-14,0.029125
45,9.0,1.0,9003.0,2008-05-15,0.026625
46,9.0,1.0,9003.0,2008-05-16,0.023083
47,9.0,1.0,9003.0,2008-05-17,0.044667
48,9.0,1.0,9003.0,2008-05-18,0.036583
49,9.0,1.0,9003.0,2008-05-19,0.030667
50,9.0,1.0,9003.0,2008-05-20,0.012125
51,9.0,1.0,9003.0,2008-05-21,0.0235
52,9.0,1.0,9003.0,2008-05-22,0.016875
53,9.0,1.0,9003.0,2008-05-23,0.021375
54,9.0,1.0,9003.0,2008-05-24,0.031292
55,9.0,1.0,9003.0,2008-05-25,0.031333
56,9.0,1.0,9003.0,2008-05-26,0.04325
57,9.0,1.0,9003.0,2008-05-27,0.035917
58,9.0,1.0,9003.0,2008-05-28,0.024458
59,9.0,1.0,9003.0,2008-05-29,0.027708
60,9.0,1.0,9003.0,2008-05-30,0.047917
61,9.0,1.0,9003.0,2008-05-31,0.038917
62,9.0,1.0,9003.0,2008-06-01,0.034
63,9.0,1.0,9003.0,2008-06-02,0.023375
64,9.0,1.0,9003.0,2008-06-03,0.047294
65,9.0,1.0,9003.0,2008-06-04,0.035167
66,9.0,1.0,9003.0,2008-06-05,0.038
67,9.0,1.0,9003.0,2008-06-06,0.034042
68,9.0,1.0,9003.0,2008-06-07,0.044
69,9.0,1.0,9003.0,2008-06-08,0.028208
70,9.0,1.0,9003.0,2008-06-09,0.034417
71,9.0,1.0,9003.0,2008-06-10,0.051458
72,9.0,1.0,9003.0,2008-06-11,0.032167
73,9.0,1.0,9003.0,2008-06-12,0.026625
74,9.0,1.0,9003.0,2008-06-13,0.033708
75,9.0,1.0,9003.0,2008-06-14,0.049958
76,9.0,1.0,9003.0,2008-06-15,0.033375
77,9.0,1.0,9003.0,2008-06-16,0.038958
78,9.0,1.0,9003.0,2008-06-17,0.029
79,9.0,1.0,9003.0,2008-06-18,0.018708
80,9.0,1.0,9003.0,2008-06-19,0.029333
81,9.0,1.0,9003.0,2008-06-20,0.031208
82,9.0,1.0,9003.0,2008-06-21,0.043292
83,9.0,1.0,9003.0,2008-06-22,0.037083
84,9.0,1.0,9003.0,2008-06-23,0.034375
85,9.0,1.0,9003.0,2008-06-24,0.027542
86,9.0,1.0,9003.0,2008-06-25,0.030333
87,9.0,1.0,9003.0,2008-06-26,0.021125
88,9.0,1.0,9003.0,2008-06-27,0.016625
89,9.0,1.0,9003.0,2008-06-28,0.043875
90,9.0,1.0,9003.0,2008-06-29,0.0365
91,9.0,1.0,9003.0,2008-06-30,0.042417
92,9.0,1.0,9003.0,2008-07-01,0.041625
93,9.0,1.0,9003.0,2008-07-02,0.031125
94,9.0,1.0,9003.0,2008-07-03,0.044542
95,9.0,1.0,9003.0,2008-07-04,0.039708
96,9.0,1.0,9003.0,2008-07-05,0.036792
97,9.0,1.0,9003.0,2008-07-06,0.0345
98,9.0,1.0,9003.0,2008-07-07,0.031417
99,9.0,1.0,9003.0,2008-07-08,0.044583
100,9.0,1.0,9003.0,2008-07-09,0.043917
101,9.0,1.0,9003.0,2008-07-10,0.024625
102,9.0,1.0,9003.0,2008-07-11,0.029
103,9.0,1.0,9003.0,2008-07-12,0.04075
104,9.0,1.0,9003.0,2008-07-13,0.033
105,9.0,1.0,9003.0,2008-07-14,0.019125
106,9.0,1.0,9003.0,2008-07-15,0.032792
107,9.0,1.0,9003.0,2008-07-16,0.0425
108,9.0,1.0,9003.0,2008-07-17,0.03775
109,9.0,1.0,9003.0,2008-07-18,0.05
110,9.0,1.0,9003.0,2008-07-19,0.051042
111,9.0,1.0,9003.0,2008-07-20,0.031625
112,9.0,1.0,9003.0,2008-07-21,0.038625
113,9.0,1.0,9003.0,2008-07-22,0.0335
114,9.0,1.0,9003.0,2008-07-23,0.037167
115,9.0,1.0,9003.0,2008-07-24,0.036
116,9.0,1.0,9003.0,2008-07-25,0.030708
117,9.0,1.0,9003.0,2008-07-26,0.0485
118,9.0,1.0,9003.0,2008-07-27,0.034708
119,9.0,1.0,9003.0,2008-07-28,0.035625
120,9.0,1.0,9003.0,2008-07-31,0.034542
121,9.0,1.0,9003.0,2008-08-01,0.037458
122,9.0,1.0,9003.0,2008-08-02,0.028542
123,9.0,1.0,9003.0,2008-08-03,0.023542
124,9.0,1.0,9003.0,2008-08-04,0.0175
125,9.0,1.0,9003.0,2008-08-05,0.03025
126,9.0,1.0,9003.0,2008-08-06,0.036333
127,9.0,1.0,9003.0,2008-08-07,0.030792
128,9.0,1.0,9003.0,2008-08-08,0.017294
129,9.0,1.0,9003.0,2008-08-09,0.026125
130,9.0,1.0,9003.0,2008-08-10,0.031375
131,9.0,1.0,9003.0,2008-08-11,0.02725
132,9.0,1.0,9003.0,2008-08-12,0.021292
133,9.0,1.0,9003.0,2008-08-13,0.032208
134,9.0,1.0,9003.0,2008-08-14,0.035333
135,9.0,1.0,9003.0,2008-08-15,0.032375
136,9.0,1.0,9003.0,2008-08-16,0.020375
137,9.0,1.0,9003.0,2008-08-17,0.026125
138,9.0,1.0,9003.0,2008-08-18,0.042417
139,9.0,1.0,9003.0,2008-08-19,0.027583
140,9.0,1.0,9003.0,2008-08-20,0.016167
141,9.0,1.0,9003.0,2008-08-21,0.025
142,9.0,1.0,9003.0,2008-08-22,0.016125
143,9.0,1.0,9003.0,2008-08-23,0.00575
144,9.0,1.0,9003.0,2008-08-24,0.028818
145,9.0,1.0,9003.0,2008-08-25,0.019
146,9.0,1.0,9003.0,2008-08-26,0.0115
147,9.0,1.0,9003.0,2008-08-27,0.019
148,9.0,1.0,9003.0,2008-08-28,0.020708
149,9.0,1.0,9003.0,2008-08-29,0.021792
150,9.0,1.0,9003.0,2008-08-30,0.016208
151,9.0,1.0,9003.0,2008-08-31,0.021167
152,9.0,1.0,9003.0,2008-09-01,0.018625
153,9.0,1.0,9003.0,2008-09-02,0.029625
154,9.0,1.0,9003.0,2008-09-03,0.031833
155,9.0,1.0,9003.0,2008-09-04,0.038625
156,9.0,1.0,9003.0,2008-09-05,0.028708
157,9.0,1.0,9003.0,2008-09-06,0.013667
158,9.0,1.0,9003.0,2008-09-07,0.018958
159,9.0,1.0,9003.0,2008-09-08,0.035917
160,9.0,1.0,9003.0,2008-09-09,0.023292
161,9.0,1.0,9003.0,2008-09-10,0.014625
162,9.0,1.0,9003.0,2008-09-11,0.027417
163,9.0,1.0,9003.0,2008-09-12,0.029667
164,9.0,1.0,9003.0,2008-09-13,0.023667
165,9.0,1.0,9003.0,2008-09-14,0.031438
166,9.0,1.0,9003.0,2008-09-15,0.026333
167,9.0,1.0,9003.0,2008-09-16,0.009125
168,9.0,1.0,9003.0,2008-09-17,0.017292
169,9.0,1.0,9003.0,2008-09-18,0.01875
170,9.0,1.0,9003.0,2008-09-19,0.018042
171,9.0,1.0,9003.0,2008-09-20,0.016333
172,9.0,1.0,9003.0,2008-09-21,0.02775
173,9.0,1.0,9003.0,2008-09-22,0.016
174,9.0,1.0,9003.0,2008-09-23,0.012292
175,9.0,1.0,9003.0,2008-09-26,0.020667
176,9.0,1.0,9003.0,2008-09-29,0.010533
177,9.0,1.0,9003.0,2008-09-30,0.016474
178,9.0,3.0,1003.0,2008-03-31,0.0345
179,9.0,3.0,1003.0,2008-04-01,0.032625
180,9.0,3.0,1003.0,2008-04-02,0.040583
181,9.0,3.0,1003.0,2008-04-03,0.030875
182,9.0,3.0,1003.0,2008-04-04,0.016875
183,9.0,3.0,1003.0,2008-04-05,0.02475
184,9.0,3.0,1003.0,2008-04-06,0.03775
185,9.0,3.0,1003.0,2008-04-07,0.04225
186,9.0,3.0,1003.0,2008-04-08,0.034875
187,9.0,3.0,1003.0,2008-04-09,0.028
188,9.0,3.0,1003.0,2008-04-10,0.034167
189,9.0,3.0,1003.0,2008-04-11,0.030083
190,9.0,3.0,1003.0,2008-04-12,0.032
191,9.0,3.0,1003.0,2008-04-13,0.033833
192,9.0,3.0,1003.0,2008-04-14,0.026042
193,9.0,3.0,1003.0,2008-04-15,0.027875
194,9.0,3.0,1003.0,2008-04-16,0.030875
195,9.0,3.0,1003.0,2008-04-17,0.035
196,9.0,3.0,1003.0,2008-04-18,0.04
197,9.0,3.0,1003.0,2008-04-19,0.045875
198,9.0,3.0,1003.0,2008-04-20,0.047167
199,9.0,3.0,1003.0,2008-04-21,0.037167
200,9.0,3.0,1003.0,2008-04-22,0.036542
201,9.0,3.0,1003.0,2008-04-23,0.037375
202,9.0,3.0,1003.0,2008-04-24,0.038958
203,9.0,3.0,1003.0,2008-04-25,0.040292
204,9.0,3.0,1003.0,2008-04-26,0.045542
205,9.0,3.0,1003.0,2008-04-27,0.037583
206,9.0,3.0,1003.0,2008-04-28,0.023833
207,9.0,3.0,1003.0,2008-04-29,0.025333
208,9.0,3.0,1003.0,2008-04-30,0.027792
209,9.0,3.0,1003.0,2008-05-01,0.035167
210,9.0,3.0,1003.0,2008-05-02,0.029167
211,9.0,3.0,1003.0,2008-05-03,0.039583
212,9.0,3.0,1003.0,2008-05-04,0.030542
213,9.0,3.0,1003.0,2008-05-05,0.03525
214,9.0,3.0,1003.0,2008-05-06,0.04
215,9.0,3.0,1003.0,2008-05-07,0.050625
216,9.0,3.0,1003.0,2008-05-08,0.038556
217,9.0,3.0,1003.0,2008-05-09,0.022625
218,9.0,3.0,1003.0,2008-05-10,0.028583
219,9.0,3.0,1003.0,2008-05-11,0.0345
220,9.0,3.0,1003.0,2008-05-12,0.038667
221,9.0,3.0,1003.0,2008-05-13,0.029292
222,9.0,3.0,1003.0,2008-05-14,0.032375
223,9.0,3.0,1003.0,2008-05-15,0.020542
224,9.0,3.0,1003.0,2008-05-16,0.016958
225,9.0,3.0,1003.0,2008-05-17,0.044542
226,9.0,3.0,1003.0,2008-05-18,0.036667
227,9.0,3.0,1003.0,2008-05-19,0.027833
228,9.0,3.0,1003.0,2008-05-20,0.017833
229,9.0,3.0,1003.0,2008-05-21,0.025625
230,9.0,3.0,1003.0,2008-05-22,0.016417
231,9.0,3.0,1003.0,2008-05-23,0.026667
232,9.0,3.0,1003.0,2008-05-24,0.023833
233,9.0,3.0,1003.0,2008-05-25,0.032375
234,9.0,3.0,1003.0,2008-05-26,0.046833
235,9.0,3.0,1003.0,2008-05-27,0.0345
236,9.0,3.0,1003.0,2008-05-28,0.026833
237,9.0,3.0,1003.0,2008-05-29,0.027708
238,9.0,3.0,1003.0,2008-05-30,0.050333
239,9.0,3.0,1003.0,2008-05-31,0.040667
240,9.0,3.0,1003.0,2008-06-01,0.033708
241,9.0,3.0,1003.0,2008-06-02,0.024917
242,9.0,3.0,1003.0,2008-06-03,0.045833
243,9.0,3.0,1003.0,2008-06-04,0.0355
244,9.0,3.0,1003.0,2008-06-05,0.034542
245,9.0,3.0,1003.0,2008-06-06,0.025583
246,9.0,3.0,1003.0,2008-06-07,0.04025
247,9.0,3.0,1003.0,2008-06-08,0.017958
248,9.0,3.0,1003.0,2008-06-09,0.029708
249,9.0,3.0,1003.0,2008-06-10,0.053917
250,9.0,3.0,1003.0,2008-06-11,0.036833
251,9.0,3.0,1003.0,2008-06-12,0.030667
252,9.0,3.0,1003.0,2008-06-13,0.041833
253,9.0,3.0,1003.0,2008-06-14,0.038708
254,9.0,3.0,1003.0,2008-06-15,0.023042
255,9.0,3.0,1003.0,2008-06-16,0.032417
256,9.0,3.0,1003.0,2008-06-17,0.023958
257,9.0,3.0,1003.0,2008-06-18,0.022708
258,9.0,3.0,1003.0,2008-06-19,0.026875
259,9.0,3.0,1003.0,2008-06-20,0.030542
260,9.0,3.0,1003.0,2008-06-21,0.04475
261,9.0,3.0,1003.0,2008-06-22,0.040625
262,9.0,3.0,1003.0,2008-06-23,0.028667
263,9.0,3.0,1003.0,2008-06-24,0.026833
264,9.0,3.0,1003.0,2008-06-25,0.02875
265,9.0,3.0,1003.0,2008-06-26,0.014792
266,9.0,3.0,1003.0,2008-06-27,0.014417
267,9.0,3.0,1003.0,2008-06-28,0.051792
268,9.0,3.0,1003.0,2008-06-29,0.03975
269,9.0,3.0,1003.0,2008-06-30,0.035875
270,9.0,3.0,1003.0,2008-07-01,0.032833
271,9.0,3.0,1003.0,2008-07-02,0.0275
272,9.0,3.0,1003.0,2008-07-03,0.046667
273,9.0,3.0,1003.0,2008-07-04,0.018458
274,9.0,3.0,1003.0,2008-07-05,0.024208
275,9.0,3.0,1003.0,2008-07-06,0.038
276,9.0,3.0,1003.0,2008-07-07,0.034
277,9.0,3.0,1003.0,2008-07-08,0.053235
278,9.0,3.0,1003.0,2008-07-09,0.048208
279,9.0,3.0,1003.0,2008-07-10,0.026375
280,9.0,3.0,1003.0,2008-07-11,0.029792
281,9.0,3.0,1003.0,2008-07-12,0.040958
282,9.0,3.0,1003.0,2008-07-13,0.030458
283,9.0,3.0,1003.0,2008-07-14,0.018875
284,9.0,3.0,1003.0,2008-07-15,0.02575
285,9.0,3.0,1003.0,2008-07-16,0.044583
286,9.0,3.0,1003.0,2008-07-17,0.032708
287,9.0,3.0,1003.0,2008-07-18,0.036667
288,9.0,3.0,1003.0,2008-07-19,0.040375
289,9.0,3.0,1003.0,2008-07-20,0.034458
290,9.0,3.0,1003.0,2008-07-21,0.030583
291,9.0,3.0,1003.0,2008-07-22,0.031667
292,9.0,3.0,1003.0,2008-07-23,0.027292
293,9.0,3.0,1003.0,2008-07-24,0.027958
294,9.0,3.0,1003.0,2008-07-25,0.0245
295,9.0,3.0,1003.0,2008-07-26,0.049417
296,9.0,3.0,1003.0,2008-07-27,0.038333
297,9.0,3.0,1003.0,2008-07-28,0.038625
298,9.0,3.0,1003.0,2008-07-29,0.020958
299,9.0,3.0,1003.0,2008-07-30,0.037375
300,9.0,3.0,1003.0,2008-07-31,0.027042
301,9.0,3.0,1003.0,2008-08-01,0.022667
302,9.0,3.0,1003.0,2008-08-02,0.02425
303,9.0,3.0,1003.0,2008-08-03,0.022667
304,9.0,3.0,1003.0,2008-08-04,0.014042
305,9.0,3.0,1003.0,2008-08-05,0.027542
306,9.0,3.0,1003.0,2008-08-06,0.019417
307,9.0,3.0,1003.0,2008-08-07,0.024833
308,9.0,3.0,1003.0,2008-08-08,0.018667
309,9.0,3.0,1003.0,2008-08-09,0.014583
310,9.0,3.0,1003.0,2008-08-10,0.027875
311,9.0,3.0,1003.0,2008-08-11,0.0235
312,9.0,3.0,1003.0,2008-08-12,0.017458
313,9.0,3.0,1003.0,2008-08-13,0.024792
314,9.0,3.0,1003.0,2008-08-14,0.025042
315,9.0,3.0,1003.0,2008-08-15,0.023875
316,9.0,3.0,1003.0,2008-08-16,0.020833
317,9.0,3.0,1003.0,2008-08-17,0.021625
318,9.0,3.0,1003.0,2008-08-18,0.034292
319,9.0,3.0,1003.0,2008-08-19,0.021708
320,9.0,3.0,1003.0,2008-08-20,0.015083
321,9.0,3.0,1003.0,2008-08-21,0.020125
322,9.0,3.0,1003.0,2008-08-22,0.030833
323,9.0,3.0,1003.0,2008-08-23,0.025125
324,9.0,3.0,1003.0,2008-08-24,0.027125
325,9.0,3.0,1003.0,2008-08-25,0.020458
326,9.0,3.0,1003.0,2008-08-26,0.020417
327,9.0,3.0,1003.0,2008-08-27,0.018667
328,9.0,3.0,1003.0,2008-08-28,0.015917
329,9.0,3.0,1003.0,2008-08-29,0.020083
330,9.0,3.0,1003.0,2008-08-30,0.015042
331,9.0,3.0,1003.0,2008-08-31,0.014458
332,9.0,3.0,1003.0,2008-09-01,0.013458
333,9.0,3.0,1003.0,2008-09-02,0.020625
334,9.0,3.0,1003.0,2008-09-03,0.022875
335,9.0,3.0,1003.0,2008-09-04,0.038875
336,9.0,3.0,1003.0,2008-09-05,0.034167
337,9.0,3.0,1003.0,2008-09-06,0.01275
338,9.0,3.0,1003.0,2008-09-07,0.015292
339,9.0,3.0,1003.0,2008-09-08,0.024458
340,9.0,3.0,1003.0,2008-09-09,0.019833
341,9.0,3.0,1003.0,2008-09-10,0.011583
342,9.0,3.0,1003.0,2008-09-11,0.015458
343,9.0,3.0,1003.0,2008-09-12,0.020708
344,9.0,3.0,1003.0,2008-09-17,0.013708
345,9.0,3.0,1003.0,2008-09-18,0.012292
346,9.0,3.0,1003.0,2008-09-19,0.016542
347,9.0,3.0,1003.0,2008-09-20,0.014625
348,9.0,3.0,1003.0,2008-09-21,0.025458
349,9.0,3.0,1003.0,2008-09-22,0.009917
350,9.0,3.0,1003.0,2008-09-23,0.009625
351,9.0,3.0,1003.0,2008-09-24,0.013958
352,9.0,3.0,1003.0,2008-09-25,0.019542
353,9.0,3.0,1003.0,2008-09-26,0.015083
354,9.0,3.0,1003.0,2008-09-27,0.0045
355,9.0,3.0,1003.0,2008-09-28,0.010083
356,9.0,3.0,1003.0,2008-09-29,0.007958
357,9.0,3.0,1003.0,2008-09-30,0.008053
358,9.0,9.0,27.0,2008-03-31,0.027
359,9.0,9.0,27.0,2008-04-01,0.028708
360,9.0,9.0,27.0,2008-04-02,0.038417
361,9.0,9.0,27.0,2008-04-03,0.028125
362,9.0,9.0,27.0,2008-04-04,0.025
363,9.0,9.0,27.0,2008-04-05,0.023458
364,9.0,9.0,27.0,2008-04-06,0.036083
365,9.0,9.0,27.0,2008-04-07,0.037458
366,9.0,9.0,27.0,2008-04-08,0.032875
367,9.0,9.0,27.0,2008-04-09,0.029167
368,9.0,9.0,27.0,2008-04-10,0.023083
369,9.0,9.0,27.0,2008-04-11,0.029458
370,9.0,9.0,27.0,2008-04-12,0.022333
371,9.0,9.0,27.0,2008-04-13,0.031792
372,9.0,9.0,27.0,2008-04-14,0.022542
373,9.0,9.0,27.0,2008-04-15,0.015208
374,9.0,9.0,27.0,2008-04-16,0.020042
375,9.0,9.0,27.0,2008-04-17,0.021792
376,9.0,9.0,27.0,2008-04-18,0.025417
377,9.0,9.0,27.0,2008-04-19,0.044542
378,9.0,9.0,27.0,2008-04-20,0.041917
379,9.0,9.0,27.0,2008-04-21,0.032412
380,9.0,9.0,27.0,2008-04-22,0.024
381,9.0,9.0,27.0,2008-04-23,0.015
382,9.0,9.0,27.0,2008-04-24,0.030375
383,9.0,9.0,27.0,2008-04-25,0.029125
384,9.0,9.0,27.0,2008-04-26,0.046042
385,9.0,9.0,27.0,2008-04-27,0.039083
386,9.0,9.0,27.0,2008-04-28,0.026292
387,9.0,9.0,27.0,2008-04-29,0.025292
388,9.0,9.0,27.0,2008-04-30,0.024167
389,9.0,9.0,27.0,2008-05-01,0.030333
390,9.0,9.0,27.0,2008-09-12,0.025292
391,9.0,9.0,27.0,2008-09-13,0.027167
392,9.0,9.0,27.0,2008-09-14,0.035833
393,9.0,9.0,27.0,2008-09-15,0.025375
394,9.0,9.0,27.0,2008-09-16,0.00775
395,9.0,9.0,27.0,2008-09-17,0.015583
396,9.0,9.0,27.0,2008-09-18,0.01375
397,9.0,9.0,27.0,2008-09-19,0.020417
398,9.0,9.0,27.0,2008-09-20,0.015958
399,9.0,9.0,27.0,2008-09-21,0.026083
400,9.0,9.0,27.0,2008-09-22,0.013958
401,9.0,9.0,27.0,2008-09-23,0.012375
402,9.0,9.0,27.0,2008-09-24,0.017625
403,9.0,9.0,27.0,2008-09-25,0.020167
404,9.0,9.0,27.0,2008-09-26,0.012167
405,9.0,9.0,27.0,2008-09-27,0.008667
406,9.0,9.0,27.0,2008-09-28,0.010583
407,9.0,9.0,27.0,2008-09-29,0.012417
408,9.0,9.0,27.0,2008-09-30,0.014583
409,9.0,9.0,27.0,2008-10-01,0.017529
410,9.0,9.0,27.0,2008-10-02,0.012125
411,9.0,9.0,27.0,2008-10-03,0.00775
412,9.0,9.0,27.0,2008-10-04,0.010875
413,9.0,9.0,27.0,2008-10-05,0.004458
414,9.0,9.0,27.0,2008-10-06,0.0095
415,9.0,9.0,27.0,2008-10-07,0.01025
416,9.0,9.0,27.0,2008-10-08,0.019792
417,9.0,9.0,27.0,2008-10-09,0.017708
418,9.0,9.0,27.0,2008-10-10,0.014375
419,9.0,9.0,27.0,2008-10-11,0.010167
420,9.0,9.0,27.0,2008-10-12,0.010917
421,9.0,9.0,27.0,2008-10-13,0.014958
422,9.0,9.0,27.0,2008-10-14,0.017417
423,9.0,9.0,27.0,2008-10-15,0.012417
424,9.0,9.0,27.0,2008-10-16,0.018292
425,9.0,9.0,27.0,2008-10-17,0.013167
426,9.0,9.0,27.0,2008-10-18,0.015579
427,9.0,9.0,27.0,2008-10-21,0.010833
428,9.0,9.0,27.0,2008-10-22,0.012417
429,9.0,9.0,27.0,2008-10-23,0.008917
430,9.0,9.0,27.0,2008-10-24,0.007458
431,9.0,9.0,27.0,2008-10-25,0.027333
432,9.0,9.0,27.0,2008-10-26,0.020895
433,9.0,9.0,27.0,2008-10-28,0.015357
434,9.0,9.0,27.0,2008-10-29,0.012333
435,9.0,9.0,27.0,2008-10-30,0.011375
436,9.0,9.0,27.0,2008-10-31,0.003
437,9.0,9.0,27.0,2008-11-01,0.017292
438,9.0,9.0,27.0,2008-11-02,0.012292
439,9.0,9.0,27.0,2008-11-03,0.002125
440,9.0,9.0,27.0,2008-11-04,0.003042
441,9.0,9.0,27.0,2008-11-05,0.012958
442,9.0,9.0,27.0,2008-11-06,0.013583
443,9.0,9.0,27.0,2008-11-07,0.009833
444,9.0,9.0,27.0,2008-11-08,0.018542
445,9.0,9.0,27.0,2008-11-09,0.011208
446,9.0,9.0,27.0,2008-11-10,0.014042
447,9.0,9.0,27.0,2008-11-11,0.013708
448,9.0,9.0,27.0,2008-11-12,0.006292
449,9.0,9.0,27.0,2008-11-13,0.018
450,9.0,9.0,27.0,2008-11-14,0.004917
451,9.0,9.0,27.0,2008-11-15,0.022167
452,9.0,9.0,27.0,2008-11-16,0.017042
453,9.0,9.0,27.0,2008-11-17,0.00925
454,9.0,9.0,27.0,2008-11-18,0.022292
455,9.0,9.0,27.0,2008-11-19,0.025583
456,9.0,9.0,27.0,2008-11-20,0.013208
457,9.0,9.0,27.0,2008-11-21,0.022292
458,9.0,9.0,27.0,2008-11-22,0.024375
459,9.0,9.0,27.0,2008-11-23,0.016583
460,9.0,9.0,27.0,2008-11-24,0.019
461,9.0,9.0,27.0,2008-11-25,0.006125
462,9.0,9.0,27.0,2008-11-26,0.002542
463,9.0,9.0,27.0,2008-11-27,0.0075
464,9.0,9.0,27.0,2008-11-29,0.009542
465,9.0,9.0,27.0,2008-11-30,0.007208
466,9.0,9.0,27.0,2008-12-01,0.008
467,9.0,9.0,27.0,2008-12-02,0.004917
468,9.0,9.0,27.0,2008-12-03,0.004667
469,9.0,9.0,27.0,2008-12-04,0.010292
470,9.0,9.0,27.0,2008-12-05,0.015125
471,9.0,9.0,27.0,2008-12-06,0.005167
472,9.0,9.0,27.0,2008-12-07,0.01335
473,9.0,9.0,27.0,2008-12-08,0.010125
474,9.0,9.0,27.0,2008-12-09,0.015542
475,9.0,9.0,27.0,2008-12-10,0.01675
476,9.0,9.0,27.0,2008-12-11,0.004583
477,9.0,9.0,27.0,2008-12-12,0.017208
478,9.0,9.0,27.0,2008-12-13,0.018708
479,9.0,9.0,27.0,2008-12-14,0.011792
480,9.0,9.0,27.0,2008-12-15,0.017417
481,9.0,9.0,27.0,2008-12-16,0.015708
482,9.0,9.0,27.0,2008-12-17,0.002
483,9.0,9.0,27.0,2008-12-18,0.001833
484,9.0,9.0,27.0,2008-12-19,0.009583
485,9.0,9.0,27.0,2008-12-20,0.01775
486,9.0,9.0,27.0,2008-12-21,0.015292
487,9.0,9.0,27.0,2008-12-22,0.016
488,9.0,9.0,27.0,2008-12-23,0.009111
489,9.0,9.0,27.0,2008-12-24,0.015208
490,9.0,9.0,27.0,2008-12-25,0.020542
491,9.0,9.0,27.0,2008-12-26,0.007042
492,9.0,9.0,27.0,2008-12-27,0.000542
493,9.0,9.0,27.0,2008-12-28,0.011833
494,9.0,9.0,27.0,2008-12-29,0.010667
495,9.0,9.0,27.0,2008-12-30,0.017583
496,9.0,9.0,27.0,2008-12-31,0.021786
497,9.0,1.0,9003.0,2009-03-31,0.0295
498,9.0,1.0,9003.0,2009-04-01,0.033875
499,9.0,1.0,9003.0,2009-04-02,0.023458
500,9.0,1.0,9003.0,2009-04-03,0.030167
501,9.0,1.0,9003.0,2009-04-04,0.040333
502,9.0,1.0,9003.0,2009-04-05,0.032292
503,9.0,1.0,9003.0,2009-04-06,0.023292
504,9.0,1.0,9003.0,2009-04-07,0.032333
505,9.0,1.0,9003.0,2009-04-08,0.025125
506,9.0,1.0,9003.0,2009-04-09,0.025167
507,9.0,1.0,9003.0,2009-04-10,0.0325
508,9.0,1.0,9003.0,2009-04-11,0.039208
509,9.0,1.0,9003.0,2009-04-12,0.04225
510,9.0,1.0,9003.0,2009-04-13,0.030458
511,9.0,1.0,9003.0,2009-04-14,0.027875
512,9.0,1.0,9003.0,2009-04-15,0.027167
513,9.0,1.0,9003.0,2009-04-16,0.031458
514,9.0,1.0,9003.0,2009-04-17,0.030667
515,9.0,1.0,9003.0,2009-04-22,0.024333
516,9.0,1.0,9003.0,2009-04-23,0.032667
517,9.0,1.0,9003.0,2009-04-24,0.03275
518,9.0,1.0,9003.0,2009-04-25,0.0305
519,9.0,1.0,9003.0,2009-04-26,0.04525
520,9.0,1.0,9003.0,2009-04-27,0.035042
521,9.0,1.0,9003.0,2009-04-28,0.044417
522,9.0,1.0,9003.0,2009-04-29,0.034042
523,9.0,1.0,9003.0,2009-04-30,0.035042
524,9.0,1.0,9003.0,2009-05-01,0.021708
525,9.0,1.0,9003.0,2009-05-02,0.028042
526,9.0,1.0,9003.0,2009-05-03,0.025375
527,9.0,1.0,9003.0,2009-05-04,0.030958
528,9.0,1.0,9003.0,2009-05-05,0.033542
529,9.0,1.0,9003.0,2009-05-06,0.029917
530,9.0,1.0,9003.0,2009-05-07,0.013792
531,9.0,1.0,9003.0,2009-05-08,0.028458
532,9.0,1.0,9003.0,2009-05-09,0.030333
533,9.0,1.0,9003.0,2009-05-10,0.033958
534,9.0,1.0,9003.0,2009-05-11,0.027417
535,9.0,1.0,9003.0,2009-05-12,0.024667
536,9.0,1.0,9003.0,2009-05-13,0.038292
537,9.0,1.0,9003.0,2009-05-14,0.037042
538,9.0,1.0,9003.0,2009-05-15,0.027042
539,9.0,1.0,9003.0,2009-05-16,0.022708
540,9.0,1.0,9003.0,2009-05-17,0.0315
541,9.0,1.0,9003.0,2009-05-18,0.029917
542,9.0,1.0,9003.0,2009-05-19,0.031208
543,9.0,1.0,9003.0,2009-05-20,0.032125
544,9.0,1.0,9003.0,2009-05-27,0.021958
545,9.0,1.0,9003.0,2009-05-28,0.019917
546,9.0,1.0,9003.0,2009-05-29,0.013958
547,9.0,1.0,9003.0,2009-05-30,0.026625
548,9.0,1.0,9003.0,2009-05-31,0.031708
549,9.0,1.0,9003.0,2009-06-01,0.032708
550,9.0,1.0,9003.0,2009-06-02,0.033667
551,9.0,1.0,9003.0,2009-06-03,0.025708
552,9.0,1.0,9003.0,2009-06-04,0.020042
553,9.0,1.0,9003.0,2009-06-05,0.023958
554,9.0,1.0,9003.0,2009-06-06,0.034667
555,9.0,1.0,9003.0,2009-06-07,0.037875
556,9.0,1.0,9003.0,2009-06-08,0.032167
557,9.0,1.0,9003.0,2009-06-09,0.02425
558,9.0,1.0,9003.0,2009-06-10,0.018444
559,9.0,1.0,9003.0,2009-06-11,0.021167
560,9.0,1.0,9003.0,2009-06-12,0.018833
561,9.0,1.0,9003.0,2009-06-13,0.02225
562,9.0,1.0,9003.0,2009-06-14,0.02325
563,9.0,1.0,9003.0,2009-06-15,0.023333
564,9.0,1.0,9003.0,2009-06-16,0.024292
565,9.0,1.0,9003.0,2009-06-17,0.025167
566,9.0,1.0,9003.0,2009-06-18,0.02725
567,9.0,1.0,9003.0,2009-06-19,0.023833
568,9.0,1.0,9003.0,2009-06-20,0.024542
569,9.0,1.0,9003.0,2009-06-21,0.023083
570,9.0,1.0,9003.0,2009-06-22,0.021125
571,9.0,1.0,9003.0,2009-06-23,0.01925
572,9.0,1.0,9003.0,2009-06-24,0.017625
573,9.0,1.0,9003.0,2009-06-25,0.028625
574,9.0,1.0,9003.0,2009-06-26,0.021167
575,9.0,1.0,9003.0,2009-06-27,0.026917
576,9.0,1.0,9003.0,2009-06-28,0.038208
577,9.0,1.0,9003.0,2009-06-29,0.033333
578,9.0,1.0,9003.0,2009-06-30,0.035292
579,9.0,1.0,9003.0,2009-07-01,0.038833
580,9.0,1.0,9003.0,2009-07-02,0.040667
581,9.0,1.0,9003.0,2009-07-03,0.025917
582,9.0,1.0,9003.0,2009-07-04,0.025625
583,9.0,1.0,9003.0,2009-07-05,0.027958
584,9.0,1.0,9003.0,2009-07-06,0.036625
585,9.0,1.0,9003.0,2009-07-07,0.032542
586,9.0,1.0,9003.0,2009-07-08,0.021167
587,9.0,1.0,9003.0,2009-07-09,0.016125
588,9.0,1.0,9003.0,2009-07-10,0.024292
589,9.0,1.0,9003.0,2009-07-11,0.037333
590,9.0,1.0,9003.0,2009-07-12,0.031583
591,9.0,1.0,9003.0,2009-07-13,0.026
592,9.0,1.0,9003.0,2009-07-14,0.022042
593,9.0,1.0,9003.0,2009-07-15,0.032917
594,9.0,1.0,9003.0,2009-07-16,0.048875
595,9.0,1.0,9003.0,2009-07-17,0.0425
596,9.0,1.0,9003.0,2009-07-18,0.035833
597,9.0,1.0,9003.0,2009-07-19,0.027625
598,9.0,1.0,9003.0,2009-07-20,0.035
599,9.0,1.0,9003.0,2009-07-21,0.019417
600,9.0,1.0,9003.0,2009-07-22,0.027
601,9.0,1.0,9003.0,2009-07-23,0.035958
602,9.0,1.0,9003.0,2009-07-24,0.03675
603,9.0,1.0,9003.0,2009-07-25,0.041
604,9.0,1.0,9003.0,2009-07-26,0.0385
605,9.0,1.0,9003.0,2009-07-27,0.030917
606,9.0,1.0,9003.0,2009-07-28,0.035042
607,9.0,1.0,9003.0,2009-07-29,0.029042
608,9.0,1.0,9003.0,2009-07-30,0.0275
609,9.0,1.0,9003.0,2009-07-31,0.021333
610,9.0,1.0,9003.0,2009-08-01,0.034792
611,9.0,1.0,9003.0,2009-08-02,0.022875
612,9.0,1.0,9003.0,2009-08-03,0.030458
613,9.0,1.0,9003.0,2009-08-04,0.041375
614,9.0,1.0,9003.0,2009-08-05,0.036167
615,9.0,1.0,9003.0,2009-08-06,0.019667
616,9.0,1.0,9003.0,2009-08-07,0.022417
617,9.0,1.0,9003.0,2009-08-08,0.026583
618,9.0,1.0,9003.0,2009-08-09,0.027292
619,9.0,1.0,9003.0,2009-08-10,0.0375
620,9.0,1.0,9003.0,2009-08-11,0.025583
621,9.0,1.0,9003.0,2009-08-12,0.027875
622,9.0,1.0,9003.0,2009-08-13,0.015542
623,9.0,1.0,9003.0,2009-08-14,0.030375
624,9.0,1.0,9003.0,2009-08-15,0.041792
625,9.0,1.0,9003.0,2009-08-16,0.041167
626,9.0,1.0,9003.0,2009-08-17,0.038417
627,9.0,1.0,9003.0,2009-08-18,0.038917
628,9.0,1.0,9003.0,2009-08-19,0.031042
629,9.0,1.0,9003.0,2009-08-25,0.01
630,9.0,1.0,9003.0,2009-08-26,0.0376
631,9.0,1.0,9003.0,2009-08-27,0.024958
632,9.0,1.0,9003.0,2009-08-28,0.015917
633,9.0,1.0,9003.0,2009-08-29,0.015375
634,9.0,1.0,9003.0,2009-08-30,0.022875
635,9.0,1.0,9003.0,2009-08-31,0.014542
636,9.0,1.0,9003.0,2009-09-01,0.013813
637,9.0,1.0,9003.0,2009-09-02,0.020958
638,9.0,1.0,9003.0,2009-09-03,0.017625
639,9.0,1.0,9003.0,2009-09-04,0.030625
640,9.0,1.0,9003.0,2009-09-05,0.031375
641,9.0,1.0,9003.0,2009-09-06,0.022667
642,9.0,1.0,9003.0,2009-09-07,0.019417
643,9.0,1.0,9003.0,2009-09-08,0.014458
644,9.0,1.0,9003.0,2009-09-09,0.02425
645,9.0,1.0,9003.0,2009-09-10,0.021611
646,9.0,1.0,9003.0,2009-09-11,0.016542
647,9.0,1.0,9003.0,2009-09-12,0.014958
648,9.0,1.0,9003.0,2009-09-13,0.017958
649,9.0,1.0,9003.0,2009-09-14,0.015167
650,9.0,1.0,9003.0,2009-09-15,0.023583
651,9.0,1.0,9003.0,2009-09-16,0.015
652,9.0,1.0,9003.0,2009-09-17,0.009708
653,9.0,1.0,9003.0,2009-09-18,0.021875
654,9.0,1.0,9003.0,2009-09-19,0.016292
655,9.0,1.0,9003.0,2009-09-20,0.0185
656,9.0,1.0,9003.0,2009-09-21,0.022917
657,9.0,1.0,9003.0,2009-09-22,0.016042
658,9.0,1.0,9003.0,2009-09-23,0.015458
659,9.0,1.0,9003.0,2009-09-24,0.021167
660,9.0,1.0,9003.0,2009-09-25,0.015458
661,9.0,1.0,9003.0,2009-09-26,0.02375
662,9.0,1.0,9003.0,2009-09-27,0.025292
663,9.0,1.0,9003.0,2009-09-28,0.027292
664,9.0,1.0,9003.0,2009-09-29,0.013708
665,9.0,1.0,9003.0,2009-09-30,0.011167
666,9.0,3.0,1003.0,2009-03-31,0.0115
667,9.0,3.0,1003.0,2009-04-01,0.029714
668,9.0,3.0,1003.0,2009-04-02,0.035938
669,9.0,3.0,1003.0,2009-04-03,0.031042
670,9.0,3.0,1003.0,2009-04-04,0.036083
671,9.0,3.0,1003.0,2009-04-05,0.032333
672,9.0,3.0,1003.0,2009-04-06,0.016389
673,9.0,3.0,1003.0,2009-04-07,0.021625
674,9.0,3.0,1003.0,2009-04-08,0.030417
675,9.0,3.0,1003.0,2009-04-09,0.030167
676,9.0,3.0,1003.0,2009-04-10,0.037917
677,9.0,3.0,1003.0,2009-04-11,0.034708
678,9.0,3.0,1003.0,2009-04-12,0.040042
679,9.0,3.0,1003.0,2009-04-13,0.027583
680,9.0,3.0,1003.0,2009-04-14,0.0275
681,9.0,3.0,1003.0,2009-04-15,0.034667
682,9.0,3.0,1003.0,2009-04-16,0.036
683,9.0,3.0,1003.0,2009-04-17,0.037667
684,9.0,3.0,1003.0,2009-04-18,0.04475
685,9.0,3.0,1003.0,2009-04-19,0.042
686,9.0,3.0,1003.0,2009-04-20,0.039958
687,9.0,3.0,1003.0,2009-04-21,0.021708
688,9.0,3.0,1003.0,2009-04-22,0.023542
689,9.0,3.0,1003.0,2009-04-23,0.028833
690,9.0,3.0,1003.0,2009-04-24,0.039792
691,9.0,3.0,1003.0,2009-04-25,0.048333
692,9.0,3.0,1003.0,2009-04-26,0.048542
693,9.0,3.0,1003.0,2009-04-27,0.040167
694,9.0,3.0,1003.0,2009-04-28,0.053429
695,9.0,3.0,1003.0,2009-04-29,0.039083
696,9.0,3.0,1003.0,2009-04-30,0.038208
697,9.0,3.0,1003.0,2009-05-01,0.017208
698,9.0,3.0,1003.0,2009-05-02,0.029875
699,9.0,3.0,1003.0,2009-05-03,0.026083
700,9.0,3.0,1003.0,2009-05-04,0.010882
701,9.0,3.0,1003.0,2009-05-05,0.033125
702,9.0,3.0,1003.0,2009-05-06,0.033333
703,9.0,3.0,1003.0,2009-05-07,0.012792
704,9.0,3.0,1003.0,2009-05-08,0.026958
705,9.0,3.0,1003.0,2009-05-09,0.032625
706,9.0,3.0,1003.0,2009-05-10,0.034708
707,9.0,3.0,1003.0,2009-05-11,0.030333
708,9.0,3.0,1003.0,2009-05-12,0.0152
709,9.0,3.0,1003.0,2009-05-13,0.032833
710,9.0,3.0,1003.0,2009-05-14,0.0347
711,9.0,3.0,1003.0,2009-05-15,0.034813
712,9.0,3.0,1003.0,2009-05-16,0.024458
713,9.0,3.0,1003.0,2009-05-17,0.035417
714,9.0,3.0,1003.0,2009-05-18,0.026792
715,9.0,3.0,1003.0,2009-05-19,0.029417
716,9.0,3.0,1003.0,2009-05-20,0.039958
717,9.0,3.0,1003.0,2009-05-21,0.043833
718,9.0,3.0,1003.0,2009-05-22,0.049167
719,9.0,3.0,1003.0,2009-05-23,0.031625
720,9.0,3.0,1003.0,2009-05-24,0.023875
721,9.0,3.0,1003.0,2009-05-25,0.038125
722,9.0,3.0,1003.0,2009-05-26,0.032375
723,9.0,3.0,1003.0,2009-05-27,0.020375
724,9.0,3.0,1003.0,2009-05-28,0.015542
725,9.0,3.0,1003.0,2009-05-29,0.011042
726,9.0,3.0,1003.0,2009-05-30,0.026292
727,9.0,3.0,1003.0,2009-05-31,0.036042
728,9.0,3.0,1003.0,2009-06-01,0.028333
729,9.0,3.0,1003.0,2009-06-02,0.020542
730,9.0,3.0,1003.0,2009-06-03,0.016208
731,9.0,3.0,1003.0,2009-06-04,0.026667
732,9.0,3.0,1003.0,2009-06-05,0.026417
733,9.0,3.0,1003.0,2009-06-06,0.033708
734,9.0,3.0,1003.0,2009-06-07,0.040458
735,9.0,3.0,1003.0,2009-06-08,0.038833
736,9.0,3.0,1003.0,2009-06-09,0.022292
737,9.0,3.0,1003.0,2009-06-10,0.015125
738,9.0,3.0,1003.0,2009-06-11,0.014958
739,9.0,3.0,1003.0,2009-06-12,0.016792
740,9.0,3.0,1003.0,2009-06-13,0.025167
741,9.0,3.0,1003.0,2009-06-14,0.026292
742,9.0,3.0,1003.0,2009-06-15,0.021083
743,9.0,3.0,1003.0,2009-06-16,0.018458
744,9.0,3.0,1003.0,2009-06-17,0.019958
745,9.0,3.0,1003.0,2009-06-18,0.02175
746,9.0,3.0,1003.0,2009-06-19,0.020542
747,9.0,3.0,1003.0,2009-06-20,0.019
748,9.0,3.0,1003.0,2009-06-21,0.023042
749,9.0,3.0,1003.0,2009-06-22,0.022542
750,9.0,3.0,1003.0,2009-06-23,0.02
751,9.0,3.0,1003.0,2009-06-24,0.017958
752,9.0,3.0,1003.0,2009-06-25,0.0265
753,9.0,3.0,1003.0,2009-06-26,0.020625
754,9.0,3.0,1003.0,2009-06-27,0.027167
755,9.0,3.0,1003.0,2009-06-28,0.033875
756,9.0,3.0,1003.0,2009-06-29,0.023333
757,9.0,3.0,1003.0,2009-06-30,0.034708
758,9.0,3.0,1003.0,2009-07-01,0.031583
759,9.0,3.0,1003.0,2009-07-02,0.018292
760,9.0,3.0,1003.0,2009-07-03,0.017958
761,9.0,3.0,1003.0,2009-07-04,0.022
762,9.0,3.0,1003.0,2009-07-05,0.020958
763,9.0,3.0,1003.0,2009-07-06,0.03375
764,9.0,3.0,1003.0,2009-07-07,0.028958
765,9.0,3.0,1003.0,2009-07-08,0.022167
766,9.0,3.0,1003.0,2009-07-09,0.017708
767,9.0,3.0,1003.0,2009-07-10,0.027417
768,9.0,3.0,1003.0,2009-07-11,0.031417
769,9.0,3.0,1003.0,2009-07-12,0.028542
770,9.0,3.0,1003.0,2009-07-13,0.017583
771,9.0,3.0,1003.0,2009-07-14,0.018471
772,9.0,3.0,1003.0,2009-07-15,0.0325
773,9.0,3.0,1003.0,2009-07-16,0.040542
774,9.0,3.0,1003.0,2009-07-17,0.03575
775,9.0,3.0,1003.0,2009-07-18,0.02975
776,9.0,3.0,1003.0,2009-07-19,0.020917
777,9.0,3.0,1003.0,2009-07-20,0.029708
778,9.0,3.0,1003.0,2009-07-21,0.022333
779,9.0,3.0,1003.0,2009-07-22,0.025875
780,9.0,3.0,1003.0,2009-07-23,0.030208
781,9.0,3.0,1003.0,2009-07-24,0.031353
782,9.0,3.0,1003.0,2009-07-25,0.042292
783,9.0,3.0,1003.0,2009-07-26,0.035375
784,9.0,3.0,1003.0,2009-07-27,0.032333
785,9.0,3.0,1003.0,2009-07-28,0.03975
786,9.0,3.0,1003.0,2009-07-29,0.0323
787,9.0,3.0,1003.0,2009-07-30,0.014667
788,9.0,3.0,1003.0,2009-07-31,0.011458
789,9.0,3.0,1003.0,2009-08-01,0.03275
790,9.0,3.0,1003.0,2009-08-02,0.022208
791,9.0,3.0,1003.0,2009-08-03,0.026083
792,9.0,3.0,1003.0,2009-08-04,0.0385
793,9.0,3.0,1003.0,2009-08-05,0.029333
794,9.0,3.0,1003.0,2009-08-06,0.022958
795,9.0,3.0,1003.0,2009-08-07,0.023542
796,9.0,3.0,1003.0,2009-08-08,0.015917
797,9.0,3.0,1003.0,2009-08-09,0.020875
798,9.0,3.0,1003.0,2009-08-10,0.024333
799,9.0,3.0,1003.0,2009-08-11,0.022667
800,9.0,3.0,1003.0,2009-08-12,0.02425
801,9.0,3.0,1003.0,2009-08-13,0.010118
802,9.0,3.0,1003.0,2009-08-14,0.027083
803,9.0,3.0,1003.0,2009-08-15,0.036417
804,9.0,3.0,1003.0,2009-08-16,0.043125
805,9.0,3.0,1003.0,2009-08-17,0.038333
806,9.0,3.0,1003.0,2009-08-18,0.041458
807,9.0,3.0,1003.0,2009-08-19,0.025375
808,9.0,3.0,1003.0,2009-08-20,0.034542
809,9.0,3.0,1003.0,2009-08-21,0.019458
810,9.0,3.0,1003.0,2009-08-22,0.016042
811,9.0,3.0,1003.0,2009-08-23,0.019958
812,9.0,3.0,1003.0,2009-08-24,0.018208
813,9.0,3.0,1003.0,2009-08-25,0.022458
814,9.0,3.0,1003.0,2009-08-26,0.032958
815,9.0,3.0,1003.0,2009-08-27,0.021292
816,9.0,3.0,1003.0,2009-08-28,0.019292
817,9.0,3.0,1003.0,2009-08-29,0.018542
818,9.0,3.0,1003.0,2009-08-30,0.019875
819,9.0,3.0,1003.0,2009-08-31,0.012125
820,9.0,3.0,1003.0,2009-09-01,0.014333
821,9.0,3.0,1003.0,2009-09-02,0.018375
822,9.0,3.0,1003.0,2009-09-03,0.018125
823,9.0,3.0,1003.0,2009-09-04,0.016542
824,9.0,3.0,1003.0,2009-09-05,0.019625
825,9.0,3.0,1003.0,2009-09-06,0.019
826,9.0,3.0,1003.0,2009-09-09,0.025
827,9.0,3.0,1003.0,2009-09-10,0.021375
828,9.0,3.0,1003.0,2009-09-11,0.011958
829,9.0,3.0,1003.0,2009-09-12,0.012583
830,9.0,3.0,1003.0,2009-09-13,0.017208
831,9.0,3.0,1003.0,2009-09-14,0.010542
832,9.0,3.0,1003.0,2009-09-15,0.012412
833,9.0,3.0,1003.0,2009-09-16,0.013417
834,9.0,3.0,1003.0,2009-09-17,0.008375
835,9.0,3.0,1003.0,2009-09-18,0.01975
836,9.0,3.0,1003.0,2009-09-19,0.01425
837,9.0,3.0,1003.0,2009-09-20,0.016375
838,9.0,3.0,1003.0,2009-09-21,0.02675
839,9.0,3.0,1003.0,2009-09-22,0.014667
840,9.0,3.0,1003.0,2009-09-23,0.015375
841,9.0,3.0,1003.0,2009-09-24,0.015208
842,9.0,3.0,1003.0,2009-09-25,0.009292
843,9.0,3.0,1003.0,2009-09-26,0.01425
844,9.0,3.0,1003.0,2009-09-27,0.011667
845,9.0,3.0,1003.0,2009-09-28,0.0235
846,9.0,3.0,1003.0,2009-09-29,0.009706
847,9.0,3.0,1003.0,2009-09-30,0.008579
848,9.0,9.0,27.0,2009-01-01,0.018091
849,9.0,9.0,27.0,2009-01-02,0.005417
850,9.0,9.0,27.0,2009-01-03,0.023042
851,9.0,9.0,27.0,2009-01-04,0.019083
852,9.0,9.0,27.0,2009-01-05,0.005235
853,9.0,9.0,27.0,2009-01-06,0.013083
854,9.0,9.0,27.0,2009-01-07,0.0065
855,9.0,9.0,27.0,2009-01-08,0.012917
856,9.0,9.0,27.0,2009-01-09,0.020667
857,9.0,9.0,27.0,2009-01-10,0.021
858,9.0,9.0,27.0,2009-01-11,0.022292
859,9.0,9.0,27.0,2009-01-12,0.014958
860,9.0,9.0,27.0,2009-01-13,0.003667
861,9.0,9.0,27.0,2009-01-14,0.020625
862,9.0,9.0,27.0,2009-01-15,0.0108
863,9.0,9.0,27.0,2009-01-16,0.013417
864,9.0,9.0,27.0,2009-01-17,0.010958
865,9.0,9.0,27.0,2009-01-18,0.003333
866,9.0,9.0,27.0,2009-01-19,0.001938
867,9.0,9.0,27.0,2009-01-20,0.016625
868,9.0,9.0,27.0,2009-01-21,0.013
869,9.0,9.0,27.0,2009-01-22,0.006042
870,9.0,9.0,27.0,2009-01-23,0.005458
871,9.0,9.0,27.0,2009-01-24,0.025769
872,9.0,9.0,27.0,2009-01-26,0.011143
873,9.0,9.0,27.0,2009-01-27,0.020708
874,9.0,9.0,27.0,2009-01-28,0.0125
875,9.0,9.0,27.0,2009-01-29,0.015708
876,9.0,9.0,27.0,2009-01-30,0.007042
877,9.0,9.0,27.0,2009-01-31,0.026556
878,9.0,9.0,27.0,2009-02-02,0.02775
879,9.0,9.0,27.0,2009-02-03,0.028042
880,9.0,9.0,27.0,2009-02-04,0.030125
881,9.0,9.0,27.0,2009-02-05,0.028292
882,9.0,9.0,27.0,2009-02-06,0.008708
883,9.0,9.0,27.0,2009-02-07,0.002143
884,9.0,9.0,27.0,2009-02-08,0.029
885,9.0,9.0,27.0,2009-02-09,0.015556
886,9.0,9.0,27.0,2009-02-10,0.007786
887,9.0,9.0,27.0,2009-02-11,0.008375
888,9.0,9.0,27.0,2009-02-12,0.018875
889,9.0,9.0,27.0,2009-02-13,0.03265
890,9.0,9.0,27.0,2009-02-14,0.0326
891,9.0,9.0,27.0,2009-02-15,0.033478
892,9.0,9.0,27.0,2009-02-16,0.026938
893,9.0,9.0,27.0,2009-02-17,0.010938
894,9.0,9.0,27.0,2009-02-18,0.022167
895,9.0,9.0,27.0,2009-02-19,0.017278
896,9.0,9.0,27.0,2009-02-20,0.027333
897,9.0,9.0,27.0,2009-02-21,0.024833
898,9.0,9.0,27.0,2009-02-22,0.030208
899,9.0,9.0,27.0,2009-02-23,0.030792
900,9.0,9.0,27.0,2009-02-24,0.032083
901,9.0,9.0,27.0,2009-02-25,0.015667
902,9.0,9.0,27.0,2009-02-26,0.012292
903,9.0,9.0,27.0,2009-02-27,0.027292
904,9.0,9.0,27.0,2009-02-28,0.025542
905,9.0,9.0,27.0,2009-03-01,0.028125
906,9.0,9.0,27.0,2009-03-02,0.032125
907,9.0,9.0,27.0,2009-03-03,0.029542
908,9.0,9.0,27.0,2009-03-04,0.016625
909,9.0,9.0,27.0,2009-03-05,0.013792
910,9.0,9.0,27.0,2009-03-06,0.014792
911,9.0,9.0,27.0,2009-03-07,0.023042
912,9.0,9.0,27.0,2009-03-08,0.029958
913,9.0,9.0,27.0,2009-03-09,0.023917
914,9.0,9.0,27.0,2009-03-10,0.0235
915,9.0,9.0,27.0,2009-03-11,0.019958
916,9.0,9.0,27.0,2009-03-12,0.03225
917,9.0,9.0,27.0,2009-03-13,0.025042
918,9.0,9.0,27.0,2009-03-14,0.011833
919,9.0,9.0,27.0,2009-03-15,0.009958
920,9.0,9.0,27.0,2009-03-16,0.03
921,9.0,9.0,27.0,2009-03-17,0.02225
922,9.0,9.0,27.0,2009-03-18,0.019833
923,9.0,9.0,27.0,2009-03-19,0.02175
924,9.0,9.0,27.0,2009-03-20,0.028542
925,9.0,9.0,27.0,2009-03-21,0.025625
926,9.0,9.0,27.0,2009-03-22,0.030667
927,9.0,9.0,27.0,2009-03-23,0.037917
928,9.0,9.0,27.0,2009-03-24,0.030333
929,9.0,9.0,27.0,2009-03-25,0.017
930,9.0,9.0,27.0,2009-03-26,0.025167
931,9.0,9.0,27.0,2009-03-27,0.013833
932,9.0,9.0,27.0,2009-03-28,0.037625
933,9.0,9.0,27.0,2009-03-29,0.024708
934,9.0,9.0,27.0,2009-03-30,0.021875
935,9.0,9.0,27.0,2009-03-31,0.020333
936,9.0,9.0,27.0,2009-04-01,0.037
937,9.0,9.0,27.0,2009-04-02,0.0265
938,9.0,9.0,27.0,2009-04-03,0.030708
939,9.0,9.0,27.0,2009-04-04,0.034917
940,9.0,9.0,27.0,2009-04-05,0.033833
941,9.0,9.0,27.0,2009-04-06,0.020125
942,9.0,9.0,27.0,2009-04-07,0.023792
943,9.0,9.0,27.0,2009-04-08,0.020292
944,9.0,9.0,27.0,2009-04-09,0.022083
945,9.0,9.0,27.0,2009-04-10,0.031708
946,9.0,9.0,27.0,2009-04-11,0.035792
947,9.0,9.0,27.0,2009-04-12,0.039
948,9.0,9.0,27.0,2009-04-13,0.02625
949,9.0,9.0,27.0,2009-04-14,0.028333
950,9.0,9.0,27.0,2009-04-15,0.032333
951,9.0,9.0,27.0,2009-04-16,0.031583
952,9.0,9.0,27.0,2009-04-17,0.017042
953,9.0,9.0,27.0,2009-04-18,0.036333
954,9.0,9.0,27.0,2009-04-19,0.043042
955,9.0,9.0,27.0,2009-04-20,0.041458
956,9.0,9.0,27.0,2009-04-21,0.026167
957,9.0,9.0,27.0,2009-04-22,0.012792
958,9.0,9.0,27.0,2009-04-23,0.024125
959,9.0,9.0,27.0,2009-04-24,0.031958
960,9.0,9.0,27.0,2009-04-25,0.030208
961,9.0,9.0,27.0,2009-04-26,0.042583
962,9.0,9.0,27.0,2009-04-27,0.041292
963,9.0,9.0,27.0,2009-04-28,0.039792
964,9.0,9.0,27.0,2009-04-29,0.034667
965,9.0,9.0,27.0,2009-04-30,0.034167
966,9.0,9.0,27.0,2009-05-01,0.014792
967,9.0,9.0,27.0,2009-05-02,0.025125
968,9.0,9.0,27.0,2009-05-03,0.003
969,9.0,9.0,27.0,2009-05-04,0.030429
970,9.0,9.0,27.0,2009-05-05,0.033042
971,9.0,9.0,27.0,2009-05-06,0.028375
972,9.0,9.0,27.0,2009-05-07,0.006875
973,9.0,9.0,27.0,2009-05-08,0.020917
974,9.0,9.0,27.0,2009-05-09,0.03125
975,9.0,9.0,27.0,2009-05-10,0.032417
976,9.0,9.0,27.0,2009-05-11,0.022208
977,9.0,9.0,27.0,2009-05-12,0.01625
978,9.0,9.0,27.0,2009-05-13,0.03325
979,9.0,9.0,27.0,2009-05-14,0.034824
980,9.0,9.0,27.0,2009-05-15,0.0185
981,9.0,9.0,27.0,2009-05-16,0.022222
982,9.0,9.0,27.0,2009-05-17,0.034208
983,9.0,9.0,27.0,2009-05-18,0.028
984,9.0,9.0,27.0,2009-05-19,0.020708
985,9.0,9.0,27.0,2009-05-20,0.027792
986,9.0,9.0,27.0,2009-05-21,0.02875
987,9.0,9.0,27.0,2009-05-22,0.033875
988,9.0,9.0,27.0,2009-05-23,0.032417
989,9.0,9.0,27.0,2009-05-24,0.025208
990,9.0,9.0,27.0,2009-05-25,0.033417
991,9.0,9.0,27.0,2009-05-26,0.030417
992,9.0,9.0,27.0,2009-05-27,0.024917
993,9.0,9.0,27.0,2009-05-28,0.01125
994,9.0,9.0,27.0,2009-05-29,0.010167
995,9.0,9.0,27.0,2009-05-30,0.022583
996,9.0,9.0,27.0,2009-05-31,0.030292
997,9.0,9.0,27.0,2009-06-01,0.026583
998,9.0,9.0,27.0,2009-06-02,0.023458
999,9.0,9.0,27.0,2009-06-03,0.025292
1000,9.0,9.0,27.0,2009-06-04,0.0205
1001,9.0,9.0,27.0,2009-06-05,0.029292
1002,9.0,9.0,27.0,2009-06-06,0.033208
1003,9.0,9.0,27.0,2009-06-07,0.037708
1004,9.0,9.0,27.0,2009-06-08,0.033917
1005,9.0,9.0,27.0,2009-06-09,0.022375
1006,9.0,9.0,27.0,2009-06-10,0.01425
1007,9.0,9.0,27.0,2009-06-11,0.021167
1008,9.0,9.0,27.0,2009-06-12,0.015833
1009,9.0,9.0,27.0,2009-06-13,0.023333
1010,9.0,9.0,27.0,2009-06-14,0.025042
1011,9.0,9.0,27.0,2009-06-15,0.022792
1012,9.0,9.0,27.0,2009-06-16,0.022583
1013,9.0,9.0,27.0,2009-06-17,0.021375
1014,9.0,9.0,27.0,2009-06-18,0.027333
1015,9.0,9.0,27.0,2009-06-19,0.019292
1016,9.0,9.0,27.0,2009-06-20,0.026542
1017,9.0,9.0,27.0,2009-06-21,0.022875
1018,9.0,9.0,27.0,2009-06-22,0.023292
1019,9.0,9.0,27.0,2009-06-23,0.020458
1020,9.0,9.0,27.0,2009-06-24,0.015375
1021,9.0,9.0,27.0,2009-06-25,0.016125
1022,9.0,9.0,27.0,2009-06-26,0.016042
1023,9.0,9.0,27.0,2009-06-27,0.0245
1024,9.0,9.0,27.0,2009-06-28,0.033875
1025,9.0,9.0,27.0,2009-06-29,0.028292
1026,9.0,9.0,27.0,2009-06-30,0.039083
1027,9.0,9.0,27.0,2009-07-01,0.039417
1028,9.0,9.0,27.0,2009-07-02,0.033
1029,9.0,9.0,27.0,2009-07-03,0.023375
1030,9.0,9.0,27.0,2009-07-04,0.024958
1031,9.0,9.0,27.0,2009-07-05,0.027083
1032,9.0,9.0,27.0,2009-07-06,0.029708
1033,9.0,9.0,27.0,2009-07-07,0.035417
1034,9.0,9.0,27.0,2009-07-08,0.023875
1035,9.0,9.0,27.0,2009-07-09,0.018542
1036,9.0,9.0,27.0,2009-07-10,0.022
1037,9.0,9.0,27.0,2009-07-11,0.029833
1038,9.0,9.0,27.0,2009-07-12,0.032583
1039,9.0,9.0,27.0,2009-07-13,0.018458
1040,9.0,9.0,27.0,2009-07-14,0.0205
1041,9.0,9.0,27.0,2009-07-15,0.014333
1042,9.0,9.0,27.0,2009-07-16,0.037
1043,9.0,9.0,27.0,2009-07-17,0.0342
1044,9.0,9.0,27.0,2009-07-18,0.029875
1045,9.0,9.0,27.0,2009-07-19,0.028542
1046,9.0,9.0,27.0,2009-07-20,0.0355
1047,9.0,9.0,27.0,2009-07-21,0.017083
1048,9.0,9.0,27.0,2009-07-22,0.029792
1049,9.0,9.0,27.0,2009-07-23,0.038125
1050,9.0,9.0,27.0,2009-07-24,0.03025
1051,9.0,9.0,27.0,2009-07-25,0.038208
1052,9.0,9.0,27.0,2009-07-26,0.0275
1053,9.0,9.0,27.0,2009-07-27,0.020308
1054,9.0,9.0,27.0,2009-07-28,0.0261
1055,9.0,9.0,27.0,2009-07-29,0.0265
1056,9.0,9.0,27.0,2009-07-30,0.017938
1057,9.0,9.0,27.0,2009-07-31,0.018958
1058,9.0,9.0,27.0,2009-08-04,0.039941
1059,9.0,9.0,27.0,2009-08-05,0.03025
1060,9.0,9.0,27.0,2009-08-06,0.016625
1061,9.0,9.0,27.0,2009-08-07,0.021875
1062,9.0,9.0,27.0,2009-08-08,0.026875
1063,9.0,9.0,27.0,2009-08-09,0.030625
1064,9.0,9.0,27.0,2009-08-10,0.025625
1065,9.0,9.0,27.0,2009-08-11,0.022875
1066,9.0,9.0,27.0,2009-08-12,0.0296
1067,9.0,9.0,27.0,2009-08-13,0.012917
1068,9.0,9.0,27.0,2009-08-14,0.0225
1069,9.0,9.0,27.0,2009-08-18,0.031458
1070,9.0,9.0,27.0,2009-08-19,0.024625
1071,9.0,9.0,27.0,2009-08-20,0.031667
1072,9.0,9.0,27.0,2009-08-21,0.023375
1073,9.0,9.0,27.0,2009-08-22,0.018542
1074,9.0,9.0,27.0,2009-08-23,0.023083
1075,9.0,9.0,27.0,2009-08-24,0.021375
1076,9.0,9.0,27.0,2009-08-25,0.022542
1077,9.0,9.0,27.0,2009-08-26,0.033708
1078,9.0,9.0,27.0,2009-08-27,0.021708
1079,9.0,9.0,27.0,2009-08-28,0.016583
1080,9.0,9.0,27.0,2009-08-29,0.01675
1081,9.0,9.0,27.0,2009-08-30,0.017667
1082,9.0,9.0,27.0,2009-08-31,0.008375
1083,9.0,9.0,27.0,2009-09-01,0.014083
1084,9.0,9.0,27.0,2009-09-02,0.02
1085,9.0,9.0,27.0,2009-09-03,0.017583
1086,9.0,9.0,27.0,2009-09-04,0.029053
1087,9.0,9.0,27.0,2009-09-08,0.026
1088,9.0,9.0,27.0,2009-09-09,0.03
1089,9.0,9.0,27.0,2009-09-10,0.024944
1090,9.0,9.0,27.0,2009-09-11,0.010042
1091,9.0,9.0,27.0,2009-09-12,0.010958
1092,9.0,9.0,27.0,2009-09-13,0.021458
1093,9.0,9.0,27.0,2009-09-14,0.014458
1094,9.0,9.0,27.0,2009-09-15,0.01975
1095,9.0,9.0,27.0,2009-09-16,0.01275
1096,9.0,9.0,27.0,2009-09-17,0.009417
1097,9.0,9.0,27.0,2009-09-18,0.018208
1098,9.0,9.0,27.0,2009-09-19,0.015792
1099,9.0,9.0,27.0,2009-09-20,0.015958
1100,9.0,9.0,27.0,2009-09-21,0.018625
1101,9.0,9.0,27.0,2009-09-22,0.008625
1102,9.0,9.0,27.0,2009-09-23,0.01125
1103,9.0,9.0,27.0,2009-09-24,0.017708
1104,9.0,9.0,27.0,2009-09-25,0.010125
1105,9.0,9.0,27.0,2009-09-26,0.020042
1106,9.0,9.0,27.0,2009-09-27,0.019667
1107,9.0,9.0,27.0,2009-09-28,0.019208
1108,9.0,9.0,27.0,2009-09-29,0.009292
1109,9.0,9.0,27.0,2009-09-30,0.00825
1110,9.0,9.0,27.0,2009-10-01,0.008875
1111,9.0,9.0,27.0,2009-10-02,0.024875
1112,9.0,9.0,27.0,2009-10-03,0.020375
1113,9.0,9.0,27.0,2009-10-04,0.024042
1114,9.0,9.0,27.0,2009-10-05,0.010917
1115,9.0,9.0,27.0,2009-10-06,0.017208
1116,9.0,9.0,27.0,2009-10-07,0.022333
1117,9.0,9.0,27.0,2009-10-08,0.01325
1118,9.0,9.0,27.0,2009-10-09,0.007375
1119,9.0,9.0,27.0,2009-10-10,0.012
1120,9.0,9.0,27.0,2009-10-11,0.018792
1121,9.0,9.0,27.0,2009-10-12,0.009958
1122,9.0,9.0,27.0,2009-10-13,0.017875
1123,9.0,9.0,27.0,2009-10-14,0.00875
1124,9.0,9.0,27.0,2009-10-15,0.007625
1125,9.0,9.0,27.0,2009-10-16,0.0145
1126,9.0,9.0,27.0,2009-10-17,0.018
1127,9.0,9.0,27.0,2009-10-18,0.019208
1128,9.0,9.0,27.0,2009-10-19,0.010292
1129,9.0,9.0,27.0,2009-10-20,0.003375
1130,9.0,9.0,27.0,2009-10-21,0.001042
1131,9.0,9.0,27.0,2009-10-22,0.007042
1132,9.0,9.0,27.0,2009-10-23,0.018125
1133,9.0,9.0,27.0,2009-10-24,0.018
1134,9.0,9.0,27.0,2009-10-25,0.015167
1135,9.0,9.0,27.0,2009-10-26,0.009917
1136,9.0,9.0,27.0,2009-10-27,0.002583
1137,9.0,9.0,27.0,2009-10-28,0.013708
1138,9.0,9.0,27.0,2009-10-29,0.013833
1139,9.0,9.0,27.0,2009-10-30,0.024792
1140,9.0,9.0,27.0,2009-10-31,0.023167
1141,9.0,9.0,27.0,2009-11-01,0.014042
1142,9.0,9.0,27.0,2009-11-02,0.007917
1143,9.0,9.0,27.0,2009-11-03,0.00775
1144,9.0,9.0,27.0,2009-11-04,0.007458
1145,9.0,9.0,27.0,2009-11-05,0.006083
1146,9.0,9.0,27.0,2009-11-06,0.012167
1147,9.0,9.0,27.0,2009-11-07,0.012792
1148,9.0,9.0,27.0,2009-11-08,0.010292
1149,9.0,9.0,27.0,2009-11-09,0.009292
1150,9.0,9.0,27.0,2009-11-10,0.00875
1151,9.0,9.0,27.0,2009-11-11,0.0205
1152,9.0,9.0,27.0,2009-11-12,0.01725
1153,9.0,9.0,27.0,2009-11-13,0.018667
1154,9.0,9.0,27.0,2009-11-14,0.019875
1155,9.0,9.0,27.0,2009-11-15,0.01125
1156,9.0,9.0,27.0,2009-11-16,0.016542
1157,9.0,9.0,27.0,2009-11-17,0.012708
1158,9.0,9.0,27.0,2009-11-18,0.003958
1159,9.0,9.0,27.0,2009-11-19,0.0055
1160,9.0,9.0,27.0,2009-11-20,0.013875
1161,9.0,9.0,27.0,2009-11-21,0.01
1162,9.0,9.0,27.0,2009-11-22,0.018
1163,9.0,9.0,27.0,2009-11-23,0.010583
1164,9.0,9.0,27.0,2009-11-24,0.017063
1165,9.0,9.0,27.0,2009-11-25,0.00975
1166,9.0,9.0,27.0,2009-11-26,0.00775
1167,9.0,9.0,27.0,2009-11-27,0.019125
1168,9.0,9.0,27.0,2009-11-28,0.018375
1169,9.0,9.0,27.0,2009-11-29,0.011792
1170,9.0,9.0,27.0,2009-11-30,0.011083
1171,9.0,9.0,27.0,2009-12-01,0.008458
1172,9.0,9.0,27.0,2009-12-02,0.012417
1173,9.0,9.0,27.0,2009-12-03,0.018167
1174,9.0,9.0,27.0,2009-12-04,0.003958
1175,9.0,9.0,27.0,2009-12-05,0.011375
1176,9.0,9.0,27.0,2009-12-06,0.01625
1177,9.0,9.0,27.0,2009-12-07,0.002792
1178,9.0,9.0,27.0,2009-12-08,0.009208
1179,9.0,9.0,27.0,2009-12-09,0.011792
1180,9.0,9.0,27.0,2009-12-10,0.017458
1181,9.0,9.0,27.0,2009-12-11,0.018083
1182,9.0,9.0,27.0,2009-12-12,0.014625
1183,9.0,9.0,27.0,2009-12-13,0.008
1184,9.0,9.0,27.0,2009-12-14,0.009167
1185,9.0,9.0,27.0,2009-12-15,0.007792
1186,9.0,9.0,27.0,2009-12-16,0.027417
1187,9.0,9.0,27.0,2009-12-17,0.028625
1188,9.0,9.0,27.0,2009-12-18,0.022667
1189,9.0,9.0,27.0,2009-12-19,0.025375
1190,9.0,9.0,27.0,2009-12-20,0.033125
1191,9.0,9.0,27.0,2009-12-21,0.03225
1192,9.0,9.0,27.0,2009-12-22,0.020583
1193,9.0,9.0,27.0,2009-12-23,0.020917
1194,9.0,9.0,27.0,2009-12-24,0.014167
1195,9.0,9.0,27.0,2009-12-25,0.011042
1196,9.0,9.0,27.0,2009-12-26,0.033375
1197,9.0,9.0,27.0,2009-12-27,0.019792
1198,9.0,9.0,27.0,2009-12-28,0.010625
1199,9.0,9.0,27.0,2009-12-29,0.028292
1200,9.0,9.0,27.0,2009-12-30,0.013875
1201,9.0,9.0,27.0,2009-12-31,0.004895
1202,9.0,1.0,9003.0,2010-03-31,0.0175
1203,9.0,1.0,9003.0,2010-04-01,0.022042
1204,9.0,1.0,9003.0,2010-04-02,0.022208
1205,9.0,1.0,9003.0,2010-04-03,0.027917
1206,9.0,1.0,9003.0,2010-04-04,0.028333
1207,9.0,1.0,9003.0,2010-04-05,0.030417
1208,9.0,1.0,9003.0,2010-04-06,0.025125
1209,9.0,1.0,9003.0,2010-04-07,0.032542
1210,9.0,1.0,9003.0,2010-04-08,0.036625
1211,9.0,1.0,9003.0,2010-04-09,0.031667
1212,9.0,1.0,9003.0,2010-04-10,0.036083
1213,9.0,1.0,9003.0,2010-04-11,0.039708
1214,9.0,1.0,9003.0,2010-04-12,0.030417
1215,9.0,1.0,9003.0,2010-04-13,0.026042
1216,9.0,1.0,9003.0,2010-04-14,0.026583
1217,9.0,1.0,9003.0,2010-04-15,0.041833
1218,9.0,1.0,9003.0,2010-04-16,0.040625
1219,9.0,1.0,9003.0,2010-04-17,0.028125
1220,9.0,1.0,9003.0,2010-04-18,0.026458
1221,9.0,1.0,9003.0,2010-04-19,0.023958
1222,9.0,1.0,9003.0,2010-04-20,0.026458
1223,9.0,1.0,9003.0,2010-04-21,0.031375
1224,9.0,1.0,9003.0,2010-04-23,0.038667
1225,9.0,1.0,9003.0,2010-04-24,0.04375
1226,9.0,1.0,9003.0,2010-04-25,0.041792
1227,9.0,1.0,9003.0,2010-04-27,0.035917
1228,9.0,1.0,9003.0,2010-04-28,0.03525
1229,9.0,1.0,9003.0,2010-04-29,0.030125
1230,9.0,1.0,9003.0,2010-04-30,0.02775
1231,9.0,1.0,9003.0,2010-05-01,0.038333
1232,9.0,1.0,9003.0,2010-05-02,0.033958
1233,9.0,1.0,9003.0,2010-05-03,0.014625
1234,9.0,1.0,9003.0,2010-05-04,0.025958
1235,9.0,1.0,9003.0,2010-05-05,0.042667
1236,9.0,1.0,9003.0,2010-05-06,0.03825
1237,9.0,1.0,9003.0,2010-05-07,0.033833
1238,9.0,1.0,9003.0,2010-05-08,0.038909
1239,9.0,1.0,9003.0,2010-05-09,0.037333
1240,9.0,1.0,9003.0,2010-05-10,0.032667
1241,9.0,1.0,9003.0,2010-05-11,0.038292
1242,9.0,1.0,9003.0,2010-05-12,0.028542
1243,9.0,1.0,9003.0,2010-05-13,0.034292
1244,9.0,1.0,9003.0,2010-05-14,0.0355
1245,9.0,1.0,9003.0,2010-05-15,0.039
1246,9.0,1.0,9003.0,2010-05-16,0.025625
1247,9.0,1.0,9003.0,2010-05-17,0.021625
1248,9.0,1.0,9003.0,2010-05-18,0.028833
1249,9.0,1.0,9003.0,2010-05-19,0.024833
1250,9.0,1.0,9003.0,2010-05-20,0.022083
1251,9.0,1.0,9003.0,2010-05-21,0.033833
1252,9.0,1.0,9003.0,2010-05-22,0.037292
1253,9.0,1.0,9003.0,2010-05-23,0.028125
1254,9.0,1.0,9003.0,2010-05-25,0.021583
1255,9.0,1.0,9003.0,2010-05-26,0.034458
1256,9.0,1.0,9003.0,2010-05-27,0.02825
1257,9.0,1.0,9003.0,2010-05-28,0.021625
1258,9.0,1.0,9003.0,2010-05-29,0.02525
1259,9.0,1.0,9003.0,2010-05-30,0.022
1260,9.0,1.0,9003.0,2010-05-31,0.036333
1261,9.0,1.0,9003.0,2010-06-01,0.029458
1262,9.0,1.0,9003.0,2010-06-02,0.039583
1263,9.0,1.0,9003.0,2010-06-03,0.038
1264,9.0,1.0,9003.0,2010-06-04,0.048542
1265,9.0,1.0,9003.0,2010-06-05,0.048
1266,9.0,1.0,9003.0,2010-06-06,0.035792
1267,9.0,1.0,9003.0,2010-06-07,0.024125
1268,9.0,1.0,9003.0,2010-06-08,0.017917
1269,9.0,1.0,9003.0,2010-06-09,0.030708
1270,9.0,1.0,9003.0,2010-06-10,0.029167
1271,9.0,1.0,9003.0,2010-06-11,0.0325
1272,9.0,1.0,9003.0,2010-06-12,0.038292
1273,9.0,1.0,9003.0,2010-06-13,0.024917
1274,9.0,1.0,9003.0,2010-06-14,0.022083
1275,9.0,1.0,9003.0,2010-06-15,0.023824
1276,9.0,1.0,9003.0,2010-06-16,0.029125
1277,9.0,1.0,9003.0,2010-06-17,0.028083
1278,9.0,1.0,9003.0,2010-06-18,0.03175
1279,9.0,1.0,9003.0,2010-06-19,0.040625
1280,9.0,1.0,9003.0,2010-06-20,0.038833
1281,9.0,1.0,9003.0,2010-06-21,0.032458
1282,9.0,1.0,9003.0,2010-06-22,0.036222
1283,9.0,1.0,9003.0,2010-06-23,0.029042
1284,9.0,1.0,9003.0,2010-06-24,0.036833
1285,9.0,1.0,9003.0,2010-06-25,0.037292
1286,9.0,1.0,9003.0,2010-06-26,0.036333
1287,9.0,1.0,9003.0,2010-06-27,0.04
1288,9.0,1.0,9003.0,2010-06-28,0.039917
1289,9.0,1.0,9003.0,2010-06-29,0.033542
1290,9.0,1.0,9003.0,2010-06-30,0.027917
1291,9.0,1.0,9003.0,2010-07-01,0.021958
1292,9.0,1.0,9003.0,2010-07-02,0.018458
1293,9.0,1.0,9003.0,2010-07-03,0.034167
1294,9.0,1.0,9003.0,2010-07-04,0.044792
1295,9.0,1.0,9003.0,2010-07-05,0.051375
1296,9.0,1.0,9003.0,2010-07-06,0.048125
1297,9.0,1.0,9003.0,2010-07-07,0.04775
1298,9.0,1.0,9003.0,2010-07-09,0.024708
1299,9.0,1.0,9003.0,2010-07-10,0.0305
1300,9.0,1.0,9003.0,2010-07-11,0.037625
1301,9.0,1.0,9003.0,2010-07-12,0.0515
1302,9.0,1.0,9003.0,2010-07-13,0.031167
1303,9.0,1.0,9003.0,2010-07-15,0.029333
1304,9.0,1.0,9003.0,2010-07-16,0.049917
1305,9.0,1.0,9003.0,2010-07-17,0.052917
1306,9.0,1.0,9003.0,2010-07-18,0.034458
1307,9.0,1.0,9003.0,2010-07-19,0.036458
1308,9.0,1.0,9003.0,2010-07-20,0.03175
1309,9.0,1.0,9003.0,2010-07-21,0.042958
1310,9.0,1.0,9003.0,2010-07-22,0.022708
1311,9.0,1.0,9003.0,2010-07-23,0.013042
1312,9.0,1.0,9003.0,2010-07-24,0.0385
1313,9.0,1.0,9003.0,2010-07-25,0.02825
1314,9.0,1.0,9003.0,2010-07-26,0.020458
1315,9.0,1.0,9003.0,2010-07-27,0.032625
1316,9.0,1.0,9003.0,2010-07-28,0.044278
1317,9.0,1.0,9003.0,2010-07-29,0.036042
1318,9.0,1.0,9003.0,2010-07-30,0.034125
1319,9.0,1.0,9003.0,2010-07-31,0.033958
1320,9.0,1.0,9003.0,2010-08-01,0.032958
1321,9.0,1.0,9003.0,2010-08-02,0.038458
1322,9.0,1.0,9003.0,2010-08-03,0.036417
1323,9.0,1.0,9003.0,2010-08-04,0.033167
1324,9.0,1.0,9003.0,2010-08-06,0.032167
1325,9.0,1.0,9003.0,2010-08-07,0.04025
1326,9.0,1.0,9003.0,2010-08-08,0.023333
1327,9.0,1.0,9003.0,2010-08-10,0.057
1328,9.0,1.0,9003.0,2010-08-11,0.042667
1329,9.0,1.0,9003.0,2010-08-12,0.020688
1330,9.0,1.0,9003.0,2010-08-13,0.020625
1331,9.0,1.0,9003.0,2010-08-14,0.024875
1332,9.0,1.0,9003.0,2010-08-15,0.028458
1333,9.0,1.0,9003.0,2010-08-16,0.024875
1334,9.0,1.0,9003.0,2010-08-17,0.033625
1335,9.0,1.0,9003.0,2010-08-18,0.023208
1336,9.0,1.0,9003.0,2010-08-19,0.039708
1337,9.0,1.0,9003.0,2010-08-20,0.030042
1338,9.0,1.0,9003.0,2010-08-21,0.038083
1339,9.0,1.0,9003.0,2010-08-22,0.039417
1340,9.0,1.0,9003.0,2010-08-23,0.031083
1341,9.0,1.0,9003.0,2010-08-24,0.026125
1342,9.0,1.0,9003.0,2010-08-25,0.018625
1343,9.0,1.0,9003.0,2010-08-26,0.024083
1344,9.0,1.0,9003.0,2010-08-27,0.016167
1345,9.0,1.0,9003.0,2010-08-28,0.027462
1346,9.0,1.0,9003.0,2010-08-29,0.028364
1347,9.0,1.0,9003.0,2010-08-30,0.026
1348,9.0,1.0,9003.0,2010-09-03,0.022667
1349,9.0,1.0,9003.0,2010-09-04,0.036167
1350,9.0,1.0,9003.0,2010-09-05,0.024208
1351,9.0,1.0,9003.0,2010-09-06,0.039208
1352,9.0,1.0,9003.0,2010-09-07,0.045125
1353,9.0,1.0,9003.0,2010-09-08,0.039625
1354,9.0,1.0,9003.0,2010-09-09,0.01675
1355,9.0,1.0,9003.0,2010-09-10,0.01175
1356,9.0,1.0,9003.0,2010-09-11,0.030042
1357,9.0,1.0,9003.0,2010-09-12,0.024542
1358,9.0,1.0,9003.0,2010-09-13,0.01475
1359,9.0,1.0,9003.0,2010-09-14,0.014588
1360,9.0,1.0,9003.0,2010-09-15,0.018958
1361,9.0,1.0,9003.0,2010-09-16,0.031708
1362,9.0,1.0,9003.0,2010-09-17,0.022
1363,9.0,1.0,9003.0,2010-09-18,0.021333
1364,9.0,1.0,9003.0,2010-09-19,0.033667
1365,9.0,1.0,9003.0,2010-09-20,0.019917
1366,9.0,1.0,9003.0,2010-09-21,0.029167
1367,9.0,1.0,9003.0,2010-09-22,0.040833
1368,9.0,1.0,9003.0,2010-09-23,0.028708
1369,9.0,1.0,9003.0,2010-09-24,0.041333
1370,9.0,1.0,9003.0,2010-09-25,0.043292
1371,9.0,1.0,9003.0,2010-09-26,0.024125
1372,9.0,1.0,9003.0,2010-09-27,0.013625
1373,9.0,1.0,9003.0,2010-09-28,0.023667
1374,9.0,1.0,9003.0,2010-09-29,0.019278
1375,9.0,1.0,9003.0,2010-09-30,0.014632
1376,9.0,3.0,1003.0,2010-03-31,0.0175
1377,9.0,3.0,1003.0,2010-04-01,0.025542
1378,9.0,3.0,1003.0,2010-04-02,0.034083
1379,9.0,3.0,1003.0,2010-04-03,0.037292
1380,9.0,3.0,1003.0,2010-04-04,0.0365
1381,9.0,3.0,1003.0,2010-04-05,0.036
1382,9.0,3.0,1003.0,2010-04-06,0.025542
1383,9.0,3.0,1003.0,2010-04-07,0.033
1384,9.0,3.0,1003.0,2010-04-08,0.042875
1385,9.0,3.0,1003.0,2010-04-09,0.031292
1386,9.0,3.0,1003.0,2010-04-10,0.0375
1387,9.0,3.0,1003.0,2010-04-11,0.041333
1388,9.0,3.0,1003.0,2010-04-12,0.028375
1389,9.0,3.0,1003.0,2010-04-13,0.031667
1390,9.0,3.0,1003.0,2010-04-14,0.032583
1391,9.0,3.0,1003.0,2010-04-15,0.038667
1392,9.0,3.0,1003.0,2010-04-16,0.039292
1393,9.0,3.0,1003.0,2010-04-17,0.029875
1394,9.0,3.0,1003.0,2010-04-18,0.0265
1395,9.0,3.0,1003.0,2010-04-19,0.025083
1396,9.0,3.0,1003.0,2010-04-20,0.023958
1397,9.0,3.0,1003.0,2010-04-21,0.032917
1398,9.0,3.0,1003.0,2010-04-22,0.038458
1399,9.0,3.0,1003.0,2010-04-23,0.037042
1400,9.0,3.0,1003.0,2010-04-24,0.040583
1401,9.0,3.0,1003.0,2010-04-25,0.038542
1402,9.0,3.0,1003.0,2010-04-26,0.036833
1403,9.0,3.0,1003.0,2010-04-27,0.033458
1404,9.0,3.0,1003.0,2010-04-28,0.031375
1405,9.0,3.0,1003.0,2010-04-29,0.040875
1406,9.0,3.0,1003.0,2010-04-30,0.037583
1407,9.0,3.0,1003.0,2010-05-01,0.053208
1408,9.0,3.0,1003.0,2010-05-02,0.045958
1409,9.0,3.0,1003.0,2010-05-03,0.022708
1410,9.0,3.0,1003.0,2010-05-04,0.029167
1411,9.0,3.0,1003.0,2010-05-05,0.046958
1412,9.0,3.0,1003.0,2010-05-06,0.041417
1413,9.0,3.0,1003.0,2010-05-07,0.035333
1414,9.0,3.0,1003.0,2010-05-08,0.033667
1415,9.0,3.0,1003.0,2010-05-09,0.036292
1416,9.0,3.0,1003.0,2010-05-10,0.037583
1417,9.0,3.0,1003.0,2010-05-11,0.032917
1418,9.0,3.0,1003.0,2010-05-12,0.027333
1419,9.0,3.0,1003.0,2010-05-13,0.00625
1420,9.0,3.0,1003.0,2010-05-18,0.033833
1421,9.0,3.0,1003.0,2010-05-19,0.023208
1422,9.0,3.0,1003.0,2010-05-20,0.026292
1423,9.0,3.0,1003.0,2010-05-21,0.036833
1424,9.0,3.0,1003.0,2010-05-22,0.045833
1425,9.0,3.0,1003.0,2010-05-23,0.02825
1426,9.0,3.0,1003.0,2010-05-24,0.024667
1427,9.0,3.0,1003.0,2010-05-25,0.032625
1428,9.0,3.0,1003.0,2010-05-26,0.033667
1429,9.0,3.0,1003.0,2010-05-27,0.029958
1430,9.0,3.0,1003.0,2010-05-28,0.033667
1431,9.0,3.0,1003.0,2010-05-29,0.031833
1432,9.0,3.0,1003.0,2010-05-30,0.025875
1433,9.0,3.0,1003.0,2010-05-31,0.035833
1434,9.0,3.0,1003.0,2010-06-01,0.025167
1435,9.0,3.0,1003.0,2010-06-02,0.04225
1436,9.0,3.0,1003.0,2010-06-03,0.039708
1437,9.0,3.0,1003.0,2010-06-04,0.043208
1438,9.0,3.0,1003.0,2010-06-05,0.041792
1439,9.0,3.0,1003.0,2010-06-06,0.031875
1440,9.0,3.0,1003.0,2010-06-07,0.031167
1441,9.0,3.0,1003.0,2010-06-08,0.020417
1442,9.0,3.0,1003.0,2010-06-09,0.022833
1443,9.0,3.0,1003.0,2010-06-10,0.02325
1444,9.0,3.0,1003.0,2010-06-11,0.02975
1445,9.0,3.0,1003.0,2010-06-12,0.029875
1446,9.0,3.0,1003.0,2010-06-13,0.024542
1447,9.0,3.0,1003.0,2010-06-14,0.0305
1448,9.0,3.0,1003.0,2010-06-15,0.027458
1449,9.0,3.0,1003.0,2010-06-16,0.025958
1450,9.0,3.0,1003.0,2010-06-17,0.022667
1451,9.0,3.0,1003.0,2010-06-18,0.031833
1452,9.0,3.0,1003.0,2010-06-19,0.044917
1453,9.0,3.0,1003.0,2010-06-20,0.040167
1454,9.0,3.0,1003.0,2010-06-21,0.0275
1455,9.0,3.0,1003.0,2010-06-22,0.03425
1456,9.0,3.0,1003.0,2010-06-23,0.03175
1457,9.0,3.0,1003.0,2010-06-24,0.039125
1458,9.0,3.0,1003.0,2010-06-25,0.0374
1459,9.0,3.0,1003.0,2010-06-26,0.03125
1460,9.0,3.0,1003.0,2010-06-27,0.049042
1461,9.0,3.0,1003.0,2010-06-28,0.033667
1462,9.0,3.0,1003.0,2010-06-29,0.03225
1463,9.0,3.0,1003.0,2010-06-30,0.026
1464,9.0,3.0,1003.0,2010-07-01,0.016542
1465,9.0,3.0,1003.0,2010-07-02,0.015958
1466,9.0,3.0,1003.0,2010-07-03,0.034333
1467,9.0,3.0,1003.0,2010-07-04,0.035333
1468,9.0,3.0,1003.0,2010-07-05,0.037542
1469,9.0,3.0,1003.0,2010-07-06,0.032167
1470,9.0,3.0,1003.0,2010-07-07,0.037542
1471,9.0,3.0,1003.0,2010-07-08,0.030083
1472,9.0,3.0,1003.0,2010-07-09,0.021417
1473,9.0,3.0,1003.0,2010-07-10,0.01925
1474,9.0,3.0,1003.0,2010-07-11,0.029167
1475,9.0,3.0,1003.0,2010-07-12,0.046792
1476,9.0,3.0,1003.0,2010-07-13,0.027667
1477,9.0,3.0,1003.0,2010-07-14,0.019208
1478,9.0,3.0,1003.0,2010-07-15,0.028042
1479,9.0,3.0,1003.0,2010-07-16,0.03975
1480,9.0,3.0,1003.0,2010-07-17,0.031458
1481,9.0,3.0,1003.0,2010-07-18,0.027667
1482,9.0,3.0,1003.0,2010-07-19,0.034375
1483,9.0,3.0,1003.0,2010-07-20,0.021292
1484,9.0,3.0,1003.0,2010-07-21,0.0262
1485,9.0,3.0,1003.0,2010-07-22,0.020737
1486,9.0,3.0,1003.0,2010-07-23,0.011625
1487,9.0,3.0,1003.0,2010-07-24,0.030375
1488,9.0,3.0,1003.0,2010-07-25,0.026958
1489,9.0,3.0,1003.0,2010-07-26,0.022292
1490,9.0,3.0,1003.0,2010-07-27,0.022125
1491,9.0,3.0,1003.0,2010-07-28,0.045042
1492,9.0,3.0,1003.0,2010-07-29,0.026583
1493,9.0,3.0,1003.0,2010-07-30,0.02375
1494,9.0,3.0,1003.0,2010-07-31,0.029875
1495,9.0,3.0,1003.0,2010-08-01,0.0255
1496,9.0,3.0,1003.0,2010-08-02,0.031792
1497,9.0,3.0,1003.0,2010-08-03,0.032167
1498,9.0,3.0,1003.0,2010-08-04,0.038083
1499,9.0,3.0,1003.0,2010-08-06,0.022083
1500,9.0,3.0,1003.0,2010-08-07,0.023167
1501,9.0,3.0,1003.0,2010-08-08,0.033
1502,9.0,3.0,1003.0,2010-08-09,0.048125
1503,9.0,3.0,1003.0,2010-08-10,0.031583
1504,9.0,3.0,1003.0,2010-08-11,0.03275
1505,9.0,3.0,1003.0,2010-08-12,0.021333
1506,9.0,3.0,1003.0,2010-08-13,0.020042
1507,9.0,3.0,1003.0,2010-08-14,0.021125
1508,9.0,3.0,1003.0,2010-08-15,0.0235
1509,9.0,3.0,1003.0,2010-08-16,0.021167
1510,9.0,3.0,1003.0,2010-08-17,0.03125
1511,9.0,3.0,1003.0,2010-08-18,0.019833
1512,9.0,3.0,1003.0,2010-08-25,0.019792
1513,9.0,3.0,1003.0,2010-08-26,0.019625
1514,9.0,3.0,1003.0,2010-08-27,0.013667
1515,9.0,3.0,1003.0,2010-08-28,0.018292
1516,9.0,3.0,1003.0,2010-08-29,0.023833
1517,9.0,3.0,1003.0,2010-08-30,0.029375
1518,9.0,3.0,1003.0,2010-08-31,0.028625
1519,9.0,3.0,1003.0,2010-09-01,0.0435
1520,9.0,3.0,1003.0,2010-09-02,0.054917
1521,9.0,3.0,1003.0,2010-09-03,0.021083
1522,9.0,3.0,1003.0,2010-09-04,0.031875
1523,9.0,3.0,1003.0,2010-09-05,0.0215
1524,9.0,3.0,1003.0,2010-09-06,0.031375
1525,9.0,3.0,1003.0,2010-09-07,0.044292
1526,9.0,3.0,1003.0,2010-09-08,0.030583
1527,9.0,3.0,1003.0,2010-09-09,0.0105
1528,9.0,3.0,1003.0,2010-09-10,0.011375
1529,9.0,3.0,1003.0,2010-09-11,0.020125
1530,9.0,3.0,1003.0,2010-09-12,0.017375
1531,9.0,3.0,1003.0,2010-09-13,0.0085
1532,9.0,3.0,1003.0,2010-09-14,0.016167
1533,9.0,3.0,1003.0,2010-09-15,0.019875
1534,9.0,3.0,1003.0,2010-09-16,0.023875
1535,9.0,3.0,1003.0,2010-09-17,0.0165
1536,9.0,3.0,1003.0,2010-09-18,0.0175
1537,9.0,3.0,1003.0,2010-09-19,0.024292
1538,9.0,3.0,1003.0,2010-09-20,0.020875
1539,9.0,3.0,1003.0,2010-09-21,0.019542
1540,9.0,3.0,1003.0,2010-09-22,0.040375
1541,9.0,3.0,1003.0,2010-09-23,0.025083
1542,9.0,3.0,1003.0,2010-09-24,0.03825
1543,9.0,3.0,1003.0,2010-09-25,0.035208
1544,9.0,3.0,1003.0,2010-09-26,0.021792
1545,9.0,3.0,1003.0,2010-09-27,0.004583
1546,9.0,3.0,1003.0,2010-09-28,0.013176
1547,9.0,3.0,1003.0,2010-09-29,0.023833
1548,9.0,3.0,1003.0,2010-09-30,0.011842
1549,9.0,5.0,5.0,2010-09-01,0.067125
1550,9.0,5.0,5.0,2010-09-02,0.066708
1551,9.0,5.0,5.0,2010-09-03,0.039333
1552,9.0,5.0,5.0,2010-09-04,0.035
1553,9.0,5.0,5.0,2010-09-05,0.030542
1554,9.0,5.0,5.0,2010-09-06,0.043042
1555,9.0,5.0,5.0,2010-09-07,0.049
1556,9.0,5.0,5.0,2010-09-08,0.033375
1557,9.0,5.0,5.0,2010-09-09,0.016083
1558,9.0,5.0,5.0,2010-09-10,0.016583
1559,9.0,5.0,5.0,2010-09-11,0.024917
1560,9.0,5.0,5.0,2010-09-12,0.022083
1561,9.0,5.0,5.0,2010-09-13,0.026542
1562,9.0,5.0,5.0,2010-09-14,0.034292
1563,9.0,5.0,5.0,2010-09-15,0.028208
1564,9.0,5.0,5.0,2010-09-16,0.032
1565,9.0,5.0,5.0,2010-09-17,0.025792
1566,9.0,5.0,5.0,2010-09-18,0.026792
1567,9.0,5.0,5.0,2010-09-19,0.033792
1568,9.0,5.0,5.0,2010-09-20,0.027708
1569,9.0,5.0,5.0,2010-09-21,0.033208
1570,9.0,5.0,5.0,2010-09-22,0.050208
1571,9.0,5.0,5.0,2010-09-23,0.033542
1572,9.0,5.0,5.0,2010-09-24,0.044833
1573,9.0,5.0,5.0,2010-09-25,0.040667
1574,9.0,5.0,5.0,2010-09-26,0.027375
1575,9.0,5.0,5.0,2010-09-27,0.016208
1576,9.0,5.0,5.0,2010-09-28,0.022708
1577,9.0,5.0,5.0,2010-09-29,0.033833
1578,9.0,5.0,5.0,2010-09-30,0.018
1579,9.0,5.0,5.0,2010-10-01,0.026417
1580,9.0,5.0,5.0,2010-10-02,0.026556
1581,9.0,5.0,5.0,2010-10-05,0.018133
1582,9.0,5.0,5.0,2010-10-06,0.026208
1583,9.0,5.0,5.0,2010-10-07,0.030875
1584,9.0,5.0,5.0,2010-10-08,0.035833
1585,9.0,5.0,5.0,2010-10-09,0.03475
1586,9.0,5.0,5.0,2010-10-10,0.038042
1587,9.0,5.0,5.0,2010-10-11,0.037292
1588,9.0,5.0,5.0,2010-10-12,0.030533
1589,9.0,5.0,5.0,2010-10-28,0.032292
1590,9.0,5.0,5.0,2010-10-29,0.023583
1591,9.0,5.0,5.0,2010-10-30,0.030792
1592,9.0,5.0,5.0,2010-10-31,0.030333
1593,9.0,5.0,5.0,2010-11-01,0.026417
1594,9.0,5.0,5.0,2010-11-02,0.027
1595,9.0,5.0,5.0,2010-11-03,0.026083
1596,9.0,5.0,5.0,2010-11-04,0.032083
1597,9.0,5.0,5.0,2010-11-05,0.022188
1598,9.0,5.0,5.0,2010-11-06,0.020958
1599,9.0,5.0,5.0,2010-11-07,0.029125
1600,9.0,5.0,5.0,2010-11-08,0.02575
1601,9.0,5.0,5.0,2010-11-09,0.020375
1602,9.0,5.0,5.0,2010-11-10,0.024583
1603,9.0,5.0,5.0,2010-11-11,0.038083
1604,9.0,5.0,5.0,2010-11-12,0.043417
1605,9.0,5.0,5.0,2010-11-13,0.042958
1606,9.0,5.0,5.0,2010-11-14,0.034792
1607,9.0,5.0,5.0,2010-11-15,0.025125
1608,9.0,5.0,5.0,2010-11-16,0.023333
1609,9.0,5.0,5.0,2010-11-17,0.037167
1610,9.0,5.0,5.0,2010-11-18,0.032458
1611,9.0,5.0,5.0,2010-11-19,0.028208
1612,9.0,5.0,5.0,2010-11-20,0.02575
1613,9.0,5.0,5.0,2010-11-21,0.026
1614,9.0,5.0,5.0,2010-11-22,0.033
1615,9.0,5.0,5.0,2010-11-23,0.027583
1616,9.0,5.0,5.0,2010-11-24,0.032917
1617,9.0,5.0,5.0,2010-11-25,0.031208
1618,9.0,5.0,5.0,2010-11-26,0.027625
1619,9.0,5.0,5.0,2010-11-27,0.030417
1620,9.0,5.0,5.0,2010-11-28,0.030708
1621,9.0,5.0,5.0,2010-11-29,0.028625
1622,9.0,5.0,5.0,2010-11-30,0.032375
1623,9.0,5.0,5.0,2010-12-01,0.031917
1624,9.0,5.0,5.0,2010-12-02,0.019917
1625,9.0,5.0,5.0,2010-12-03,0.020417
1626,9.0,5.0,5.0,2010-12-04,0.029375
1627,9.0,5.0,5.0,2010-12-05,0.029667
1628,9.0,5.0,5.0,2010-12-06,0.031875
1629,9.0,5.0,5.0,2010-12-07,0.03375
1630,9.0,5.0,5.0,2010-12-08,0.033941
1631,9.0,5.0,5.0,2010-12-09,0.032667
1632,9.0,5.0,5.0,2010-12-10,0.028042
1633,9.0,5.0,5.0,2010-12-11,0.019583
1634,9.0,5.0,5.0,2010-12-12,0.034292
1635,9.0,5.0,5.0,2010-12-13,0.026208
1636,9.0,5.0,5.0,2010-12-14,0.0345
1637,9.0,5.0,5.0,2010-12-15,0.035875
1638,9.0,5.0,5.0,2010-12-16,0.030833
1639,9.0,5.0,5.0,2010-12-17,0.029125
1640,9.0,5.0,5.0,2010-12-18,0.029958
1641,9.0,5.0,5.0,2010-12-19,0.031542
1642,9.0,5.0,5.0,2010-12-20,0.033583
1643,9.0,5.0,5.0,2010-12-21,0.029375
1644,9.0,5.0,5.0,2010-12-22,0.028583
1645,9.0,5.0,5.0,2010-12-23,0.031
1646,9.0,5.0,5.0,2010-12-24,0.033875
1647,9.0,5.0,5.0,2010-12-25,0.032333
1648,9.0,5.0,5.0,2010-12-26,0.033792
1649,9.0,5.0,5.0,2010-12-27,0.040083
1650,9.0,5.0,5.0,2010-12-28,0.036083
1651,9.0,5.0,5.0,2010-12-29,0.030625
1652,9.0,5.0,5.0,2010-12-30,0.027542
1653,9.0,5.0,5.0,2010-12-31,0.028842
1654,9.0,9.0,27.0,2010-01-01,0.004208
1655,9.0,9.0,27.0,2010-01-02,0.02425
1656,9.0,9.0,27.0,2010-01-03,0.028083
1657,9.0,9.0,27.0,2010-01-05,0.025667
1658,9.0,9.0,27.0,2010-01-06,0.023333
1659,9.0,9.0,27.0,2010-01-07,0.014208
1660,9.0,9.0,27.0,2010-01-08,0.020208
1661,9.0,9.0,27.0,2010-01-09,0.029125
1662,9.0,9.0,27.0,2010-01-10,0.0215
1663,9.0,9.0,27.0,2010-01-11,0.016167
1664,9.0,9.0,27.0,2010-01-12,0.026625
1665,9.0,9.0,27.0,2010-01-13,0.014417
1666,9.0,9.0,27.0,2010-01-14,0.007208
1667,9.0,9.0,27.0,2010-01-15,0.007583
1668,9.0,9.0,27.0,2010-01-16,0.005688
1669,9.0,9.0,27.0,2010-01-17,0.014167
1670,9.0,9.0,27.0,2010-01-18,0.01875
1671,9.0,9.0,27.0,2010-01-19,0.008292
1672,9.0,9.0,27.0,2010-01-20,0.0145
1673,9.0,9.0,27.0,2010-01-21,0.005941
1674,9.0,9.0,27.0,2010-01-22,0.012
1675,9.0,9.0,27.0,2010-01-23,0.013083
1676,9.0,9.0,27.0,2010-01-24,0.01225
1677,9.0,9.0,27.0,2010-01-25,0.027708
1678,9.0,9.0,27.0,2010-01-26,0.009875
1679,9.0,9.0,27.0,2010-01-27,0.007958
1680,9.0,9.0,27.0,2010-01-28,0.016167
1681,9.0,9.0,27.0,2010-01-29,0.0305
1682,9.0,9.0,27.0,2010-01-30,0.029917
1683,9.0,9.0,27.0,2010-01-31,0.022375
1684,9.0,9.0,27.0,2010-02-01,0.01275
1685,9.0,9.0,27.0,2010-02-02,0.011458
1686,9.0,9.0,27.0,2010-02-03,0.013
1687,9.0,9.0,27.0,2010-02-04,0.021917
1688,9.0,9.0,27.0,2010-02-05,0.020917
1689,9.0,9.0,27.0,2010-02-06,0.030167
1690,9.0,9.0,27.0,2010-02-07,0.031708
1691,9.0,9.0,27.0,2010-02-08,0.024833
1692,9.0,9.0,27.0,2010-02-09,0.020375
1693,9.0,9.0,27.0,2010-02-10,0.022333
1694,9.0,9.0,27.0,2010-02-11,0.032583
1695,9.0,9.0,27.0,2010-02-12,0.027083
1696,9.0,9.0,27.0,2010-02-13,0.032708
1697,9.0,9.0,27.0,2010-02-14,0.025167
1698,9.0,9.0,27.0,2010-02-15,0.019833
1699,9.0,9.0,27.0,2010-02-16,0.019125
1700,9.0,9.0,27.0,2010-02-17,0.013417
1701,9.0,9.0,27.0,2010-02-18,0.021208
1702,9.0,9.0,27.0,2010-02-19,0.023722
1703,9.0,9.0,27.0,2010-02-20,0.028625
1704,9.0,9.0,27.0,2010-02-21,0.031167
1705,9.0,9.0,27.0,2010-02-22,0.026083
1706,9.0,9.0,27.0,2010-02-23,0.018625
1707,9.0,9.0,27.0,2010-02-24,0.015083
1708,9.0,9.0,27.0,2010-02-25,0.0093
1709,9.0,9.0,27.0,2010-03-01,0.028222
1710,9.0,9.0,27.0,2010-03-02,0.021375
1711,9.0,9.0,27.0,2010-03-03,0.023542
1712,9.0,9.0,27.0,2010-03-04,0.032125
1713,9.0,9.0,27.0,2010-03-05,0.030875
1714,9.0,9.0,27.0,2010-03-06,0.032583
1715,9.0,9.0,27.0,2010-03-07,0.023875
1716,9.0,9.0,27.0,2010-03-08,0.023667
1717,9.0,9.0,27.0,2010-03-09,0.02
1718,9.0,9.0,27.0,2010-03-10,0.024462
1719,9.0,9.0,27.0,2010-03-11,0.034375
1720,9.0,9.0,27.0,2010-03-12,0.037417
1721,9.0,9.0,27.0,2010-03-16,0.0245
1722,9.0,9.0,27.0,2010-03-17,0.009583
1723,9.0,9.0,27.0,2010-03-18,0.016083
1724,9.0,9.0,27.0,2010-03-19,0.018708
1725,9.0,9.0,27.0,2010-03-20,0.022167
1726,9.0,9.0,27.0,2010-03-21,0.04325
1727,9.0,9.0,27.0,2010-03-22,0.0295
1728,9.0,9.0,27.0,2010-03-23,0.0165
1729,9.0,9.0,27.0,2010-03-24,0.028708
1730,9.0,9.0,27.0,2010-03-25,0.0285
1731,9.0,9.0,27.0,2010-03-26,0.033471
1732,9.0,9.0,27.0,2010-03-27,0.033375
1733,9.0,9.0,27.0,2010-03-28,0.038625
1734,9.0,9.0,27.0,2010-03-29,0.02325
1735,9.0,9.0,27.0,2010-03-30,0.02075
1736,9.0,9.0,27.0,2010-03-31,0.015167
1737,9.0,9.0,27.0,2010-04-01,0.01825
1738,9.0,9.0,27.0,2010-04-02,0.021792
1739,9.0,9.0,27.0,2010-04-03,0.025125
1740,9.0,9.0,27.0,2010-04-04,0.02325
1741,9.0,9.0,27.0,2010-04-05,0.027083
1742,9.0,9.0,27.0,2010-04-06,0.029625
1743,9.0,9.0,27.0,2010-04-07,0.024792
1744,9.0,9.0,27.0,2010-04-08,0.033833
1745,9.0,9.0,27.0,2010-04-09,0.022708
1746,9.0,9.0,27.0,2010-04-10,0.028208
1747,9.0,9.0,27.0,2010-04-11,0.036958
1748,9.0,9.0,27.0,2010-04-12,0.027042
1749,9.0,9.0,27.0,2010-04-13,0.020375
1750,9.0,9.0,27.0,2010-04-14,0.021542
1751,9.0,9.0,27.0,2010-04-15,0.04
1752,9.0,9.0,27.0,2010-04-16,0.038083
1753,9.0,9.0,27.0,2010-04-17,0.0245
1754,9.0,9.0,27.0,2010-04-18,0.020167
1755,9.0,9.0,27.0,2010-04-19,0.019667
1756,9.0,9.0,27.0,2010-04-20,0.020833
1757,9.0,9.0,27.0,2010-04-21,0.021375
1758,9.0,9.0,27.0,2010-04-22,0.026
1759,9.0,9.0,27.0,2010-04-23,0.0365
1760,9.0,9.0,27.0,2010-04-24,0.031083
1761,9.0,9.0,27.0,2010-04-25,0.039333
1762,9.0,9.0,27.0,2010-04-26,0.032875
1763,9.0,9.0,27.0,2010-04-27,0.0295
1764,9.0,9.0,27.0,2010-04-28,0.019417
1765,9.0,9.0,27.0,2010-04-29,0.027125
1766,9.0,9.0,27.0,2010-04-30,0.023083
1767,9.0,9.0,27.0,2010-05-01,0.050167
1768,9.0,9.0,27.0,2010-05-02,0.0355
1769,9.0,9.0,27.0,2010-05-03,0.010167
1770,9.0,9.0,27.0,2010-05-04,0.019083
1771,9.0,9.0,27.0,2010-05-05,0.035042
1772,9.0,9.0,27.0,2010-05-06,0.032542
1773,9.0,9.0,27.0,2010-05-07,0.029125
1774,9.0,9.0,27.0,2010-05-08,0.033958
1775,9.0,9.0,27.0,2010-05-09,0.033542
1776,9.0,9.0,27.0,2010-05-10,0.036292
1777,9.0,9.0,27.0,2010-05-11,0.029458
1778,9.0,9.0,27.0,2010-05-12,0.026958
1779,9.0,9.0,27.0,2010-05-13,0.025667
1780,9.0,9.0,27.0,2010-05-14,0.028917
1781,9.0,9.0,27.0,2010-05-15,0.034792
1782,9.0,9.0,27.0,2010-05-16,0.0205
1783,9.0,9.0,27.0,2010-05-17,0.023708
1784,9.0,9.0,27.0,2010-05-18,0.030417
1785,9.0,9.0,27.0,2010-05-19,0.021083
1786,9.0,9.0,27.0,2010-05-20,0.018083
1787,9.0,9.0,27.0,2010-05-21,0.0345
1788,9.0,9.0,27.0,2010-05-22,0.040792
1789,9.0,9.0,27.0,2010-05-23,0.030958
1790,9.0,9.0,27.0,2010-05-24,0.021708
1791,9.0,9.0,27.0,2010-05-25,0.010417
1792,9.0,9.0,27.0,2010-05-26,0.021533
1793,9.0,9.0,27.0,2010-05-27,0.026917
1794,9.0,9.0,27.0,2010-05-28,0.016958
1795,9.0,9.0,27.0,2010-05-29,0.02275
1796,9.0,9.0,27.0,2010-05-30,0.013625
1797,9.0,9.0,27.0,2010-05-31,0.034625
1798,9.0,9.0,27.0,2010-06-01,0.024583
1799,9.0,9.0,27.0,2010-06-02,0.039208
1800,9.0,9.0,27.0,2010-06-03,0.036125
1801,9.0,9.0,27.0,2010-06-04,0.044583
1802,9.0,9.0,27.0,2010-06-05,0.036542
1803,9.0,9.0,27.0,2010-06-06,0.031542
1804,9.0,9.0,27.0,2010-06-07,0.024167
1805,9.0,9.0,27.0,2010-06-08,0.019417
1806,9.0,9.0,27.0,2010-06-09,0.029375
1807,9.0,9.0,27.0,2010-06-10,0.0245
1808,9.0,9.0,27.0,2010-06-11,0.028833
1809,9.0,9.0,27.0,2010-06-12,0.034583
1810,9.0,9.0,27.0,2010-06-13,0.021708
1811,9.0,9.0,27.0,2010-06-14,0.019875
1812,9.0,9.0,27.0,2010-06-15,0.020824
1813,9.0,9.0,27.0,2010-06-16,0.02375
1814,9.0,9.0,27.0,2010-06-17,0.023208
1815,9.0,9.0,27.0,2010-06-18,0.019167
1816,9.0,9.0,27.0,2010-06-19,0.040667
1817,9.0,9.0,27.0,2010-06-20,0.043333
1818,9.0,9.0,27.0,2010-06-21,0.028042
1819,9.0,9.0,27.0,2010-06-22,0.035333
1820,9.0,9.0,27.0,2010-06-23,0.027083
1821,9.0,9.0,27.0,2010-06-24,0.034542
1822,9.0,9.0,27.0,2010-06-25,0.036625
1823,9.0,9.0,27.0,2010-06-26,0.037625
1824,9.0,9.0,27.0,2010-06-27,0.047333
1825,9.0,9.0,27.0,2010-06-28,0.035958
1826,9.0,9.0,27.0,2010-06-29,0.03325
1827,9.0,9.0,27.0,2010-06-30,0.028917
1828,9.0,9.0,27.0,2010-07-01,0.021
1829,9.0,9.0,27.0,2010-07-02,0.017833
1830,9.0,9.0,27.0,2010-07-03,0.034375
1831,9.0,9.0,27.0,2010-07-04,0.043917
1832,9.0,9.0,27.0,2010-07-05,0.044542
1833,9.0,9.0,27.0,2010-07-08,0.032083
1834,9.0,9.0,27.0,2010-07-13,0.030167
1835,9.0,9.0,27.0,2010-07-14,0.025083
1836,9.0,9.0,27.0,2010-07-15,0.027958
1837,9.0,9.0,27.0,2010-07-16,0.04025
1838,9.0,9.0,27.0,2010-07-17,0.047833
1839,9.0,9.0,27.0,2010-07-18,0.034125
1840,9.0,9.0,27.0,2010-07-19,0.03175
1841,9.0,9.0,27.0,2010-07-20,0.030958
1842,9.0,9.0,27.0,2010-07-21,0.038667
1843,9.0,9.0,27.0,2010-07-22,0.022875
1844,9.0,9.0,27.0,2010-07-23,0.013833
1845,9.0,9.0,27.0,2010-07-24,0.03475
1846,9.0,9.0,27.0,2010-07-25,0.0265
1847,9.0,9.0,27.0,2010-07-26,0.022125
1848,9.0,9.0,27.0,2010-07-27,0.02925
1849,9.0,9.0,27.0,2010-07-28,0.035167
1850,9.0,9.0,27.0,2010-07-29,0.030333
1851,9.0,9.0,27.0,2010-07-30,0.026375
1852,9.0,9.0,27.0,2010-07-31,0.027917
1853,9.0,9.0,27.0,2010-08-01,0.029875
1854,9.0,9.0,27.0,2010-08-02,0.03275
1855,9.0,9.0,27.0,2010-08-03,0.030333
1856,9.0,9.0,27.0,2010-08-04,0.031333
1857,9.0,9.0,27.0,2010-08-05,0.032542
1858,9.0,9.0,27.0,2010-08-06,0.02725
1859,9.0,9.0,27.0,2010-08-07,0.031167
1860,9.0,9.0,27.0,2010-08-08,0.035333
1861,9.0,9.0,27.0,2010-08-09,0.042083
1862,9.0,9.0,27.0,2010-08-10,0.036667
1863,9.0,9.0,27.0,2010-08-11,0.038417
1864,9.0,9.0,27.0,2010-08-12,0.021833
1865,9.0,9.0,27.0,2010-08-13,0.018208
1866,9.0,9.0,27.0,2010-08-14,0.021167
1867,9.0,9.0,27.0,2010-08-15,0.026625
1868,9.0,9.0,27.0,2010-08-16,0.02075
1869,9.0,9.0,27.0,2010-08-17,0.031292
1870,9.0,9.0,27.0,2010-08-18,0.02375
1871,9.0,9.0,27.0,2010-08-19,0.033208
1872,9.0,9.0,27.0,2010-08-20,0.024875
1873,9.0,9.0,27.0,2010-08-21,0.031917
1874,9.0,9.0,27.0,2010-08-22,0.037542
1875,9.0,9.0,27.0,2010-08-23,0.027208
1876,9.0,9.0,27.0,2010-08-24,0.022625
1877,9.0,9.0,27.0,2010-08-25,0.020042
1878,9.0,9.0,27.0,2010-08-26,0.022875
1879,9.0,9.0,27.0,2010-08-27,0.01425
1880,9.0,9.0,27.0,2010-08-28,0.019417
1881,9.0,9.0,27.0,2010-08-29,0.016882
1882,9.0,9.0,27.0,2010-08-30,0.038417
1883,9.0,9.0,27.0,2010-08-31,0.027167
1884,9.0,9.0,27.0,2010-09-01,0.038292
1885,9.0,9.0,27.0,2010-09-02,0.040542
1886,9.0,9.0,27.0,2010-09-03,0.017958
1887,9.0,9.0,27.0,2010-09-04,0.029792
1888,9.0,9.0,27.0,2010-09-05,0.02125
1889,9.0,9.0,27.0,2010-09-06,0.025333
1890,9.0,9.0,27.0,2010-09-07,0.037333
1891,9.0,9.0,27.0,2010-09-08,0.032625
1892,9.0,9.0,27.0,2010-09-09,0.0135
1893,9.0,9.0,27.0,2010-09-10,0.011917
1894,9.0,9.0,27.0,2010-09-11,0.023667
1895,9.0,9.0,27.0,2010-09-12,0.019375
1896,9.0,9.0,27.0,2010-09-13,0.014917
1897,9.0,9.0,27.0,2010-09-14,0.018917
1898,9.0,9.0,27.0,2010-09-15,0.014375
1899,9.0,9.0,27.0,2010-09-16,0.029167
1900,9.0,9.0,27.0,2010-09-17,0.016542
1901,9.0,9.0,27.0,2010-09-18,0.019167
1902,9.0,9.0,27.0,2010-09-19,0.030042
1903,9.0,9.0,27.0,2010-09-20,0.020333
1904,9.0,9.0,27.0,2010-09-21,0.025708
1905,9.0,9.0,27.0,2010-09-22,0.034708
1906,9.0,9.0,27.0,2010-09-23,0.025
1907,9.0,9.0,27.0,2010-09-24,0.038208
1908,9.0,9.0,27.0,2010-09-25,0.039417
1909,9.0,9.0,27.0,2010-09-26,0.023042
1910,9.0,9.0,27.0,2010-09-27,0.010667
1911,9.0,9.0,27.0,2010-09-28,0.018625
1912,9.0,9.0,27.0,2010-09-29,0.018917
1913,9.0,9.0,27.0,2010-09-30,0.01425
1914,9.0,9.0,27.0,2010-10-01,0.0205
1915,9.0,9.0,27.0,2010-10-02,0.01575
1916,9.0,9.0,27.0,2010-10-03,0.017792
1917,9.0,9.0,27.0,2010-10-04,0.012583
1918,9.0,9.0,27.0,2010-10-05,0.006
1919,9.0,9.0,27.0,2010-10-06,0.01
1920,9.0,9.0,27.0,2010-10-07,0.013625
1921,9.0,9.0,27.0,2010-10-08,0.016125
1922,9.0,9.0,27.0,2010-10-09,0.021333
1923,9.0,9.0,27.0,2010-10-10,0.016167
1924,9.0,9.0,27.0,2010-10-11,0.018458
1925,9.0,9.0,27.0,2010-10-12,0.017458
1926,9.0,9.0,27.0,2010-10-13,0.009417
1927,9.0,9.0,27.0,2010-10-14,0.022042
1928,9.0,9.0,27.0,2010-10-15,0.019042
1929,9.0,9.0,27.0,2010-10-16,0.020167
1930,9.0,9.0,27.0,2010-10-17,0.0205
1931,9.0,9.0,27.0,2010-10-18,0.01225
1932,9.0,9.0,27.0,2010-10-19,0.008167
1933,9.0,9.0,27.0,2010-10-20,0.009458
1934,9.0,9.0,27.0,2010-10-21,0.012667
1935,9.0,9.0,27.0,2010-10-22,0.015417
1936,9.0,9.0,27.0,2010-10-23,0.012583
1937,9.0,9.0,27.0,2010-10-24,0.015542
1938,9.0,9.0,27.0,2010-10-25,0.021042
1939,9.0,9.0,27.0,2010-10-26,0.018625
1940,9.0,9.0,27.0,2010-10-27,0.004833
1941,9.0,9.0,27.0,2010-10-28,0.014875
1942,9.0,9.0,27.0,2010-10-29,0.010958
1943,9.0,9.0,27.0,2010-10-30,0.02025
1944,9.0,9.0,27.0,2010-10-31,0.023417
1945,9.0,9.0,27.0,2010-11-01,0.017208
1946,9.0,9.0,27.0,2010-11-03,0.010167
1947,9.0,9.0,27.0,2010-11-04,0.006583
1948,9.0,9.0,27.0,2010-11-05,0.0065
1949,9.0,9.0,27.0,2010-11-06,0.010458
1950,9.0,9.0,27.0,2010-11-07,0.02375
1951,9.0,9.0,27.0,2010-11-08,0.022208
1952,9.0,9.0,27.0,2010-11-09,0.015875
1953,9.0,9.0,27.0,2010-11-10,0.018208
1954,9.0,9.0,27.0,2010-11-11,0.015708
1955,9.0,9.0,27.0,2010-11-12,0.014208
1956,9.0,9.0,27.0,2010-11-13,0.011125
1957,9.0,9.0,27.0,2010-11-14,0.015333
1958,9.0,9.0,27.0,2010-11-15,0.004333
1959,9.0,9.0,27.0,2010-11-16,0.016542
1960,9.0,9.0,27.0,2010-11-17,0.02725
1961,9.0,9.0,27.0,2010-11-18,0.017208
1962,9.0,9.0,27.0,2010-11-19,0.012625
1963,9.0,9.0,27.0,2010-11-20,0.011292
1964,9.0,9.0,27.0,2010-11-21,0.011042
1965,9.0,9.0,27.0,2010-11-22,0.015875
1966,9.0,9.0,27.0,2010-11-23,0.009875
1967,9.0,9.0,27.0,2010-11-24,0.027083
1968,9.0,9.0,27.0,2010-11-25,0.017833
1969,9.0,9.0,27.0,2010-11-26,0.011625
1970,9.0,9.0,27.0,2010-11-27,0.019
1971,9.0,9.0,27.0,2010-11-28,0.012833
1972,9.0,9.0,27.0,2010-11-29,0.005833
1973,9.0,9.0,27.0,2010-11-30,0.025083
1974,9.0,9.0,27.0,2010-12-01,0.02625
1975,9.0,9.0,27.0,2010-12-02,0.010208
1976,9.0,9.0,27.0,2010-12-03,0.012125
1977,9.0,9.0,27.0,2010-12-04,0.023542
1978,9.0,9.0,27.0,2010-12-05,0.021208
1979,9.0,9.0,27.0,2010-12-06,0.020958
1980,9.0,9.0,27.0,2010-12-07,0.019833
1981,9.0,9.0,27.0,2010-12-08,0.021167
1982,9.0,9.0,27.0,2010-12-09,0.017875
1983,9.0,9.0,27.0,2010-12-10,0.010125
1984,9.0,9.0,27.0,2010-12-11,0.00275
1985,9.0,9.0,27.0,2010-12-12,0.02225
1986,9.0,9.0,27.0,2010-12-13,0.018167
1987,9.0,9.0,27.0,2010-12-14,0.026
1988,9.0,9.0,27.0,2010-12-15,0.019
1989,9.0,9.0,27.0,2010-12-16,0.01
1990,9.0,9.0,27.0,2010-12-17,0.006857
1991,9.0,9.0,27.0,2010-12-18,0.00575
1992,9.0,9.0,27.0,2010-12-19,0.013125
1993,9.0,9.0,27.0,2010-12-20,0.025833
1994,9.0,9.0,27.0,2010-12-21,0.023792
1995,9.0,9.0,27.0,2010-12-22,0.024583
1996,9.0,9.0,27.0,2010-12-23,0.025
1997,9.0,9.0,27.0,2010-12-30,0.003708
1998,9.0,9.0,27.0,2010-12-31,0.002789
