,cStatoVA,cConteaVA,nSitVA,dateVA,O3meanVA
0,51.0,59.0,5.0,2008-03-31,0.018
1,51.0,59.0,5.0,2008-04-01,0.030458
2,51.0,59.0,5.0,2008-04-02,0.028958
3,51.0,59.0,5.0,2008-04-03,0.027333
4,51.0,59.0,5.0,2008-04-04,0.0195
5,51.0,59.0,5.0,2008-04-08,0.016071
6,51.0,59.0,5.0,2008-04-09,0.022917
7,51.0,59.0,5.0,2008-04-10,0.029125
8,51.0,59.0,5.0,2008-04-11,0.02925
9,51.0,59.0,5.0,2008-04-12,0.029667
10,51.0,59.0,5.0,2008-04-13,0.027833
11,51.0,59.0,5.0,2008-04-14,0.028875
12,51.0,59.0,5.0,2008-04-15,0.0265
13,51.0,59.0,5.0,2008-04-16,0.023333
14,51.0,59.0,5.0,2008-04-17,0.03525
15,51.0,59.0,5.0,2008-04-18,0.038292
16,51.0,59.0,5.0,2008-04-19,0.050708
17,51.0,59.0,5.0,2008-04-20,0.043042
18,51.0,59.0,5.0,2008-04-21,0.034042
19,51.0,59.0,5.0,2008-04-23,0.027167
20,51.0,59.0,5.0,2008-04-24,0.032083
21,51.0,59.0,5.0,2008-04-25,0.03
22,51.0,59.0,5.0,2008-04-26,0.037417
23,51.0,59.0,5.0,2008-04-27,0.029542
24,51.0,59.0,5.0,2008-04-28,0.02325
25,51.0,59.0,5.0,2008-04-29,0.040583
26,51.0,59.0,5.0,2008-04-30,0.029917
27,51.0,59.0,5.0,2008-05-01,0.024958
28,51.0,59.0,5.0,2008-05-02,0.045125
29,51.0,59.0,5.0,2008-05-03,0.043042
30,51.0,59.0,5.0,2008-05-04,0.032792
31,51.0,59.0,5.0,2008-05-05,0.035083
32,51.0,59.0,5.0,2008-05-06,0.041333
33,51.0,59.0,5.0,2008-05-07,0.054625
34,51.0,59.0,5.0,2008-05-08,0.035625
35,51.0,59.0,5.0,2008-05-10,0.023042
36,51.0,59.0,5.0,2008-05-11,0.030292
37,51.0,59.0,5.0,2008-05-12,0.033958
38,51.0,59.0,5.0,2008-05-13,0.026417
39,51.0,59.0,5.0,2008-05-14,0.034792
40,51.0,59.0,5.0,2008-05-15,0.036375
41,51.0,59.0,5.0,2008-05-16,0.037292
42,51.0,59.0,5.0,2008-05-17,0.048125
43,51.0,59.0,5.0,2008-05-18,0.035292
44,51.0,59.0,5.0,2008-05-19,0.030167
45,51.0,59.0,5.0,2008-05-20,0.023583
46,51.0,59.0,5.0,2008-05-21,0.028
47,51.0,59.0,5.0,2008-05-22,0.029917
48,51.0,59.0,5.0,2008-05-23,0.028042
49,51.0,59.0,5.0,2008-05-24,0.033958
50,51.0,59.0,5.0,2008-05-25,0.037375
51,51.0,59.0,5.0,2008-05-26,0.046792
52,51.0,59.0,5.0,2008-05-27,0.028909
53,51.0,59.0,5.0,2008-05-28,0.029958
54,51.0,59.0,5.0,2008-05-29,0.035583
55,51.0,59.0,5.0,2008-05-30,0.048083
56,51.0,59.0,5.0,2008-05-31,0.0275
57,51.0,59.0,5.0,2008-06-01,0.042792
58,51.0,59.0,5.0,2008-06-02,0.033792
59,51.0,59.0,5.0,2008-06-03,0.042708
60,51.0,59.0,5.0,2008-06-04,0.030833
61,51.0,59.0,5.0,2008-06-05,0.046167
62,51.0,59.0,5.0,2008-06-06,0.034333
63,51.0,59.0,5.0,2008-06-07,0.028167
64,51.0,59.0,5.0,2008-06-08,0.0195
65,51.0,59.0,5.0,2008-06-09,0.024417
66,51.0,59.0,5.0,2008-06-10,0.037958
67,51.0,59.0,5.0,2008-06-11,0.03925
68,51.0,59.0,5.0,2008-06-12,0.051
69,51.0,59.0,5.0,2008-06-13,0.057042
70,51.0,59.0,5.0,2008-06-14,0.037125
71,51.0,59.0,5.0,2008-06-15,0.031125
72,51.0,59.0,5.0,2008-06-16,0.027375
73,51.0,59.0,5.0,2008-06-17,0.030333
74,51.0,59.0,5.0,2008-06-18,0.02825
75,51.0,59.0,5.0,2008-06-19,0.02525
76,51.0,59.0,5.0,2008-06-20,0.031167
77,51.0,59.0,5.0,2008-06-21,0.047208
78,51.0,59.0,5.0,2008-06-22,0.043333
79,51.0,59.0,5.0,2008-06-23,0.0355
80,51.0,59.0,5.0,2008-06-24,0.0295
81,51.0,59.0,5.0,2008-06-25,0.031542
82,51.0,59.0,5.0,2008-06-26,0.035833
83,51.0,59.0,5.0,2008-06-27,0.027333
84,51.0,59.0,5.0,2008-06-28,0.028125
85,51.0,59.0,5.0,2008-06-29,0.032958
86,51.0,59.0,5.0,2008-06-30,0.02675
87,51.0,59.0,5.0,2008-07-01,0.022958
88,51.0,59.0,5.0,2008-07-02,0.034208
89,51.0,59.0,5.0,2008-07-03,0.046625
90,51.0,59.0,5.0,2008-07-04,0.032417
91,51.0,59.0,5.0,2008-07-05,0.031708
92,51.0,59.0,5.0,2008-07-06,0.031208
93,51.0,59.0,5.0,2008-07-07,0.034583
94,51.0,59.0,5.0,2008-07-08,0.043292
95,51.0,59.0,5.0,2008-07-09,0.025042
96,51.0,59.0,5.0,2008-07-10,0.0365
97,51.0,59.0,5.0,2008-07-11,0.035042
98,51.0,59.0,5.0,2008-07-12,0.05425
99,51.0,59.0,5.0,2008-07-13,0.040792
100,51.0,59.0,5.0,2008-07-14,0.026458
101,51.0,59.0,5.0,2008-07-15,0.033333
102,51.0,59.0,5.0,2008-07-16,0.041167
103,51.0,59.0,5.0,2008-07-17,0.040625
104,51.0,59.0,5.0,2008-07-18,0.039875
105,51.0,59.0,5.0,2008-07-19,0.033458
106,51.0,59.0,5.0,2008-07-20,0.037833
107,51.0,59.0,5.0,2008-07-21,0.035125
108,51.0,59.0,5.0,2008-07-22,0.036458
109,51.0,59.0,5.0,2008-07-23,0.031833
110,51.0,59.0,5.0,2008-07-24,0.024458
111,51.0,59.0,5.0,2008-07-25,0.03525
112,51.0,59.0,5.0,2008-07-26,0.044292
113,51.0,59.0,5.0,2008-07-27,0.0315
114,51.0,59.0,5.0,2008-07-28,0.031708
115,51.0,59.0,5.0,2008-07-29,0.042458
116,51.0,59.0,5.0,2008-07-30,0.032708
117,51.0,59.0,5.0,2008-07-31,0.021458
118,51.0,59.0,5.0,2008-08-01,0.037167
119,51.0,59.0,5.0,2008-08-02,0.03275
120,51.0,59.0,5.0,2008-08-03,0.028125
121,51.0,59.0,5.0,2008-08-04,0.028458
122,51.0,59.0,5.0,2008-08-05,0.022292
123,51.0,59.0,5.0,2008-08-06,0.036833
124,51.0,59.0,5.0,2008-08-07,0.036708
125,51.0,59.0,5.0,2008-08-08,0.029833
126,51.0,59.0,5.0,2008-08-09,0.024583
127,51.0,59.0,5.0,2008-08-10,0.023708
128,51.0,59.0,5.0,2008-08-11,0.029167
129,51.0,59.0,5.0,2008-08-12,0.026542
130,51.0,59.0,5.0,2008-08-13,0.036125
131,51.0,59.0,5.0,2008-08-14,0.026833
132,51.0,59.0,5.0,2008-08-15,0.026292
133,51.0,59.0,5.0,2008-08-16,0.028
134,51.0,59.0,5.0,2008-08-17,0.026542
135,51.0,59.0,5.0,2008-08-18,0.032042
136,51.0,59.0,5.0,2008-08-19,0.040542
137,51.0,59.0,5.0,2008-08-20,0.033958
138,51.0,59.0,5.0,2008-08-21,0.042333
139,51.0,59.0,5.0,2008-08-22,0.031792
140,51.0,59.0,5.0,2008-08-23,0.026
141,51.0,59.0,5.0,2008-08-24,0.027833
142,51.0,59.0,5.0,2008-08-25,0.036875
143,51.0,59.0,5.0,2008-08-26,0.027792
144,51.0,59.0,5.0,2008-08-27,0.035292
145,51.0,59.0,5.0,2008-08-28,0.026542
146,51.0,59.0,5.0,2008-08-29,0.009125
147,51.0,59.0,5.0,2008-08-30,0.027083
148,51.0,59.0,5.0,2008-08-31,0.026167
149,51.0,59.0,5.0,2008-09-01,0.026292
150,51.0,59.0,5.0,2008-09-02,0.026083
151,51.0,59.0,5.0,2008-09-03,0.032375
152,51.0,59.0,5.0,2008-09-04,0.045208
153,51.0,59.0,5.0,2008-09-05,0.028792
154,51.0,59.0,5.0,2008-09-06,0.016917
155,51.0,59.0,5.0,2008-09-07,0.021875
156,51.0,59.0,5.0,2008-09-08,0.037917
157,51.0,59.0,5.0,2008-09-09,0.023125
158,51.0,59.0,5.0,2008-09-10,0.023958
159,51.0,59.0,5.0,2008-09-11,0.027792
160,51.0,59.0,5.0,2008-09-12,0.014875
161,51.0,59.0,5.0,2008-09-13,0.016833
162,51.0,59.0,5.0,2008-09-14,0.024292
163,51.0,59.0,5.0,2008-09-15,0.029708
164,51.0,59.0,5.0,2008-09-16,0.013583
165,51.0,59.0,5.0,2008-09-17,0.016875
166,51.0,59.0,5.0,2008-09-18,0.026167
167,51.0,59.0,5.0,2008-09-19,0.016375
168,51.0,59.0,5.0,2008-09-20,0.018708
169,51.0,59.0,5.0,2008-09-21,0.022667
170,51.0,59.0,5.0,2008-09-22,0.032417
171,51.0,59.0,5.0,2008-09-23,0.022375
172,51.0,59.0,5.0,2008-09-24,0.021792
173,51.0,59.0,5.0,2008-09-25,0.0185
174,51.0,59.0,5.0,2008-09-26,0.008792
175,51.0,59.0,5.0,2008-09-27,0.014625
176,51.0,59.0,5.0,2008-09-28,0.016125
177,51.0,59.0,5.0,2008-09-29,0.014708
178,51.0,59.0,5.0,2008-09-30,0.016417
179,51.0,59.0,5.0,2008-10-01,0.011792
180,51.0,59.0,5.0,2008-10-02,0.016833
181,51.0,59.0,5.0,2008-10-03,0.017083
182,51.0,59.0,5.0,2008-10-04,0.01775
183,51.0,59.0,5.0,2008-10-05,0.016292
184,51.0,59.0,5.0,2008-10-06,0.013417
185,51.0,59.0,5.0,2008-10-07,0.012292
186,51.0,59.0,5.0,2008-10-08,0.024125
187,51.0,59.0,5.0,2008-10-09,0.015458
188,51.0,59.0,5.0,2008-10-10,0.0155
189,51.0,59.0,5.0,2008-10-11,0.014833
190,51.0,59.0,5.0,2008-10-12,0.018583
191,51.0,59.0,5.0,2008-10-13,0.011417
192,51.0,59.0,5.0,2008-10-14,0.016
193,51.0,59.0,5.0,2008-10-15,0.018375
194,51.0,59.0,5.0,2008-10-16,0.020333
195,51.0,59.0,5.0,2008-10-17,0.018958
196,51.0,59.0,5.0,2008-10-18,0.018083
197,51.0,59.0,5.0,2008-10-19,0.014917
198,51.0,59.0,5.0,2008-10-20,0.012125
199,51.0,59.0,5.0,2008-10-21,0.022083
200,51.0,59.0,5.0,2008-10-22,0.015417
201,51.0,59.0,5.0,2008-10-23,0.007042
202,51.0,59.0,5.0,2008-10-24,0.018833
203,51.0,59.0,5.0,2008-10-25,0.02025
204,51.0,59.0,5.0,2008-10-26,0.017292
205,51.0,59.0,5.0,2008-10-27,0.017
206,51.0,59.0,5.0,2008-10-28,0.019542
207,51.0,59.0,5.0,2008-10-29,0.022417
208,51.0,59.0,5.0,2008-10-30,0.0145
209,51.0,59.0,5.0,2008-10-31,0.01
210,51.0,59.0,5.0,2008-11-01,0.021292
211,51.0,59.0,5.0,2008-11-02,0.021792
212,51.0,59.0,5.0,2008-11-03,0.011792
213,51.0,59.0,5.0,2008-11-04,0.011208
214,51.0,59.0,5.0,2008-11-05,0.018792
215,51.0,59.0,5.0,2008-11-06,0.020125
216,51.0,59.0,5.0,2008-11-07,0.017333
217,51.0,59.0,5.0,2008-11-08,0.0205
218,51.0,59.0,5.0,2008-11-09,0.015
219,51.0,59.0,5.0,2008-11-10,0.014333
220,51.0,59.0,5.0,2008-11-11,0.0095
221,51.0,59.0,5.0,2008-11-12,0.005708
222,51.0,59.0,5.0,2008-11-13,0.002167
223,51.0,59.0,5.0,2008-11-14,0.002708
224,51.0,59.0,5.0,2008-11-15,0.015875
225,51.0,59.0,5.0,2008-11-16,0.018208
226,51.0,59.0,5.0,2008-11-17,0.016167
227,51.0,59.0,5.0,2008-11-18,0.02625
228,51.0,59.0,5.0,2008-11-19,0.019125
229,51.0,59.0,5.0,2008-11-20,0.016708
230,51.0,59.0,5.0,2008-11-21,0.024333
231,51.0,59.0,5.0,2008-11-22,0.021458
232,51.0,59.0,5.0,2008-11-23,0.011667
233,51.0,59.0,5.0,2008-11-24,0.021417
234,51.0,59.0,5.0,2008-11-25,0.020042
235,51.0,59.0,5.0,2008-11-26,0.012958
236,51.0,59.0,5.0,2008-11-27,0.008708
237,51.0,59.0,5.0,2008-11-28,0.0035
238,51.0,59.0,5.0,2008-11-29,0.013625
239,51.0,59.0,5.0,2008-11-30,0.008375
240,51.0,59.0,5.0,2008-12-01,0.016167
241,51.0,59.0,5.0,2008-12-02,0.008625
242,51.0,59.0,5.0,2008-12-03,0.012375
243,51.0,59.0,5.0,2008-12-04,0.01525
244,51.0,59.0,5.0,2008-12-05,0.015083
245,51.0,59.0,5.0,2008-12-06,0.008625
246,51.0,59.0,5.0,2008-12-07,0.025208
247,51.0,59.0,5.0,2008-12-08,0.01775
248,51.0,59.0,5.0,2008-12-09,0.014417
249,51.0,59.0,5.0,2008-12-10,0.006417
250,51.0,59.0,5.0,2008-12-11,0.001667
251,51.0,59.0,5.0,2008-12-12,0.017958
252,51.0,59.0,5.0,2008-12-13,0.014375
253,51.0,59.0,5.0,2008-12-14,0.018333
254,51.0,59.0,5.0,2008-12-15,0.022167
255,51.0,59.0,5.0,2008-12-16,0.013042
256,51.0,59.0,5.0,2008-12-17,0.003
257,51.0,59.0,5.0,2008-12-18,0.000292
258,51.0,59.0,5.0,2008-12-19,0.0
259,51.0,59.0,5.0,2008-12-20,0.00425
260,51.0,59.0,5.0,2008-12-21,0.020125
261,51.0,59.0,5.0,2008-12-22,0.023042
262,51.0,59.0,5.0,2008-12-23,0.013875
263,51.0,59.0,5.0,2008-12-24,0.023708
264,51.0,59.0,5.0,2008-12-25,0.01925
265,51.0,59.0,5.0,2008-12-26,0.009833
266,51.0,59.0,5.0,2008-12-27,0.013083
267,51.0,59.0,5.0,2008-12-28,0.0265
268,51.0,59.0,5.0,2008-12-29,0.022042
269,51.0,59.0,5.0,2008-12-30,0.018833
270,51.0,59.0,5.0,2008-12-31,0.022526
271,51.0,59.0,1005.0,2008-03-31,0.003
272,51.0,59.0,1005.0,2008-04-01,0.027958
273,51.0,59.0,1005.0,2008-04-02,0.032417
274,51.0,59.0,1005.0,2008-04-03,0.02675
275,51.0,59.0,1005.0,2008-04-04,0.020833
276,51.0,59.0,1005.0,2008-04-05,0.03125
277,51.0,59.0,1005.0,2008-04-06,0.028042
278,51.0,59.0,1005.0,2008-04-07,0.026208
279,51.0,59.0,1005.0,2008-04-08,0.019292
280,51.0,59.0,1005.0,2008-04-09,0.02125
281,51.0,59.0,1005.0,2008-04-10,0.026333
282,51.0,59.0,1005.0,2008-04-11,0.032542
283,51.0,59.0,1005.0,2008-04-12,0.035542
284,51.0,59.0,1005.0,2008-04-13,0.03075
285,51.0,59.0,1005.0,2008-04-14,0.033208
286,51.0,59.0,1005.0,2008-04-15,0.033458
287,51.0,59.0,1005.0,2008-04-16,0.04125
288,51.0,59.0,1005.0,2008-04-17,0.049958
289,51.0,59.0,1005.0,2008-04-18,0.053542
290,51.0,59.0,1005.0,2008-04-19,0.056333
291,51.0,59.0,1005.0,2008-04-20,0.034208
292,51.0,59.0,1005.0,2008-04-21,0.032208
293,51.0,59.0,1005.0,2008-04-22,0.031667
294,51.0,59.0,1005.0,2008-04-23,0.032333
295,51.0,59.0,1005.0,2008-04-24,0.019
296,51.0,59.0,1005.0,2008-05-27,0.034375
297,51.0,59.0,1005.0,2008-06-14,0.037125
298,51.0,59.0,1005.0,2008-06-15,0.040583
299,51.0,59.0,1005.0,2008-06-16,0.0288
300,51.0,59.0,1005.0,2008-06-17,0.024667
301,51.0,59.0,1005.0,2008-06-18,0.0255
302,51.0,59.0,1005.0,2008-06-19,0.029792
303,51.0,59.0,1005.0,2008-06-20,0.039458
304,51.0,59.0,1005.0,2008-06-21,0.053083
305,51.0,59.0,1005.0,2008-06-22,0.049458
306,51.0,59.0,1005.0,2008-06-23,0.041917
307,51.0,59.0,1005.0,2008-06-24,0.0385
308,51.0,59.0,1005.0,2008-06-25,0.043083
309,51.0,59.0,1005.0,2008-06-26,0.048458
310,51.0,59.0,1005.0,2008-06-27,0.034458
311,51.0,59.0,1005.0,2008-06-28,0.030375
312,51.0,59.0,1005.0,2008-06-29,0.035625
313,51.0,59.0,1005.0,2008-06-30,0.030667
314,51.0,59.0,1005.0,2008-07-01,0.027917
315,51.0,59.0,1005.0,2008-07-02,0.0415
316,51.0,59.0,1005.0,2008-07-03,0.052292
317,51.0,59.0,1005.0,2008-07-04,0.035917
318,51.0,59.0,1005.0,2008-07-05,0.033083
319,51.0,59.0,1005.0,2008-07-06,0.032667
320,51.0,59.0,1005.0,2008-07-07,0.040792
321,51.0,59.0,1005.0,2008-07-08,0.049167
322,51.0,59.0,1005.0,2008-07-09,0.030875
323,51.0,59.0,1005.0,2008-07-10,0.042375
324,51.0,59.0,1005.0,2008-07-11,0.04675
325,51.0,59.0,1005.0,2008-07-12,0.057167
326,51.0,59.0,1005.0,2008-07-13,0.046792
327,51.0,59.0,1005.0,2008-07-14,0.022
328,51.0,59.0,1005.0,2008-07-16,0.065438
329,51.0,59.0,1005.0,2008-07-17,0.060583
330,51.0,59.0,1005.0,2008-07-18,0.056042
331,51.0,59.0,1005.0,2008-07-19,0.039375
332,51.0,59.0,1005.0,2008-07-20,0.041583
333,51.0,59.0,1005.0,2008-07-21,0.044
334,51.0,59.0,1005.0,2008-07-22,0.043833
335,51.0,59.0,1005.0,2008-07-23,0.042333
336,51.0,59.0,1005.0,2008-07-24,0.026917
337,51.0,59.0,1005.0,2008-07-25,0.0415
338,51.0,59.0,1005.0,2008-07-26,0.05175
339,51.0,59.0,1005.0,2008-07-27,0.039167
340,51.0,59.0,1005.0,2008-07-28,0.0435
341,51.0,59.0,1005.0,2008-07-29,0.05075
342,51.0,59.0,1005.0,2008-07-30,0.041667
343,51.0,59.0,1005.0,2008-07-31,0.032542
344,51.0,59.0,1005.0,2008-08-01,0.044417
345,51.0,59.0,1005.0,2008-08-02,0.038958
346,51.0,59.0,1005.0,2008-08-03,0.031917
347,51.0,59.0,1005.0,2008-08-04,0.034083
348,51.0,59.0,1005.0,2008-08-05,0.035417
349,51.0,59.0,1005.0,2008-08-06,0.042583
350,51.0,59.0,1005.0,2008-08-07,0.03925
351,51.0,59.0,1005.0,2008-08-08,0.029833
352,51.0,59.0,1005.0,2008-08-09,0.029167
353,51.0,59.0,1005.0,2008-08-10,0.0355
354,51.0,59.0,1005.0,2008-08-11,0.032417
355,51.0,59.0,1005.0,2008-08-12,0.031833
356,51.0,59.0,1005.0,2008-08-13,0.038417
357,51.0,59.0,1005.0,2008-08-14,0.036375
358,51.0,59.0,1005.0,2008-08-15,0.03125
359,51.0,59.0,1005.0,2008-08-16,0.032625
360,51.0,59.0,1005.0,2008-08-17,0.041417
361,51.0,59.0,1005.0,2008-08-18,0.04425
362,51.0,59.0,1005.0,2008-08-19,0.045375
363,51.0,59.0,1005.0,2008-08-20,0.03075
364,51.0,59.0,1005.0,2008-08-21,0.046375
365,51.0,59.0,1005.0,2008-08-22,0.035958
366,51.0,59.0,1005.0,2008-08-23,0.029917
367,51.0,59.0,1005.0,2008-08-24,0.032667
368,51.0,59.0,1005.0,2008-08-25,0.03775
369,51.0,59.0,1005.0,2008-08-26,0.028708
370,51.0,59.0,1005.0,2008-08-27,0.038417
371,51.0,59.0,1005.0,2008-08-28,0.025125
372,51.0,59.0,1005.0,2008-08-29,0.009708
373,51.0,59.0,1005.0,2008-08-30,0.031
374,51.0,59.0,1005.0,2008-08-31,0.035458
375,51.0,59.0,1005.0,2008-09-01,0.032375
376,51.0,59.0,1005.0,2008-09-02,0.036167
377,51.0,59.0,1005.0,2008-09-03,0.04425
378,51.0,59.0,1005.0,2008-09-04,0.055042
379,51.0,59.0,1005.0,2008-09-05,0.029625
380,51.0,59.0,1005.0,2008-09-06,0.017125
381,51.0,59.0,1005.0,2008-09-07,0.030542
382,51.0,59.0,1005.0,2008-09-08,0.04025
383,51.0,59.0,1005.0,2008-09-09,0.024708
384,51.0,59.0,1005.0,2008-09-10,0.026833
385,51.0,59.0,1005.0,2008-09-11,0.031458
386,51.0,59.0,1005.0,2008-09-12,0.01925
387,51.0,59.0,1005.0,2008-09-13,0.026292
388,51.0,59.0,1005.0,2008-09-14,0.028542
389,51.0,59.0,1005.0,2008-09-15,0.031167
390,51.0,59.0,1005.0,2008-09-16,0.012
391,51.0,59.0,1005.0,2008-09-17,0.021
392,51.0,59.0,1005.0,2008-09-18,0.029316
393,51.0,59.0,1005.0,2008-09-19,0.02175
394,51.0,59.0,1005.0,2008-09-20,0.01975
395,51.0,59.0,1005.0,2008-09-21,0.034958
396,51.0,59.0,1005.0,2008-09-22,0.038042
397,51.0,59.0,1005.0,2008-09-23,0.024375
398,51.0,59.0,1005.0,2008-09-24,0.027083
399,51.0,59.0,1005.0,2008-09-25,0.018833
400,51.0,59.0,1005.0,2008-09-26,0.010167
401,51.0,59.0,1005.0,2008-09-27,0.013375
402,51.0,59.0,1005.0,2008-09-28,0.0185
403,51.0,59.0,1005.0,2008-09-29,0.012875
404,51.0,59.0,1005.0,2008-09-30,0.021083
405,51.0,59.0,1005.0,2008-10-01,0.016833
406,51.0,59.0,1005.0,2008-10-02,0.018958
407,51.0,59.0,1005.0,2008-10-03,0.021292
408,51.0,59.0,1005.0,2008-10-04,0.021083
409,51.0,59.0,1005.0,2008-10-05,0.021917
410,51.0,59.0,1005.0,2008-10-06,0.016625
411,51.0,59.0,1005.0,2008-10-07,0.014125
412,51.0,59.0,1005.0,2008-10-08,0.021458
413,51.0,59.0,1005.0,2008-10-09,0.023208
414,51.0,59.0,1005.0,2008-10-10,0.015792
415,51.0,59.0,1005.0,2008-10-11,0.016667
416,51.0,59.0,1005.0,2008-10-12,0.02925
417,51.0,59.0,1005.0,2008-10-13,0.022792
418,51.0,59.0,1005.0,2008-10-14,0.024833
419,51.0,59.0,1005.0,2008-10-15,0.025667
420,51.0,59.0,1005.0,2008-10-16,0.023583
421,51.0,59.0,1005.0,2008-10-17,0.018708
422,51.0,59.0,1005.0,2008-10-18,0.019917
423,51.0,59.0,1005.0,2008-10-19,0.017
424,51.0,59.0,1005.0,2008-10-20,0.0145
425,51.0,59.0,1005.0,2008-10-21,0.024958
426,51.0,59.0,1005.0,2008-10-22,0.015917
427,51.0,59.0,1005.0,2008-10-23,0.008542
428,51.0,59.0,1005.0,2008-10-24,0.01925
429,51.0,59.0,1005.0,2008-10-25,0.02375
430,51.0,59.0,1005.0,2008-10-26,0.02175
431,51.0,59.0,1005.0,2008-10-27,0.017333
432,51.0,59.0,1005.0,2008-10-28,0.018167
433,51.0,59.0,1005.0,2008-10-29,0.019458
434,51.0,59.0,1005.0,2008-10-30,0.012882
435,51.0,59.0,1005.0,2008-10-31,0.019875
436,51.0,59.0,1005.0,2008-11-01,0.037833
437,51.0,59.0,1005.0,2008-11-02,0.023208
438,51.0,59.0,1005.0,2008-11-03,0.006458
439,51.0,59.0,1005.0,2008-11-04,0.00925
440,51.0,59.0,1005.0,2008-11-05,0.019625
441,51.0,59.0,1005.0,2008-11-06,0.021125
442,51.0,59.0,1005.0,2008-11-07,0.016917
443,51.0,59.0,1005.0,2008-11-08,0.021833
444,51.0,59.0,1005.0,2008-11-09,0.019208
445,51.0,59.0,1005.0,2008-11-10,0.016958
446,51.0,59.0,1005.0,2008-11-11,0.01075
447,51.0,59.0,1005.0,2008-11-12,0.007458
448,51.0,59.0,1005.0,2008-11-13,0.001583
449,51.0,59.0,1005.0,2008-11-14,0.001292
450,51.0,59.0,1005.0,2008-11-15,0.016792
451,51.0,59.0,1005.0,2008-11-16,0.018708
452,51.0,59.0,1005.0,2008-11-17,0.016208
453,51.0,59.0,1005.0,2008-11-18,0.023917
454,51.0,59.0,1005.0,2008-11-19,0.020375
455,51.0,59.0,1005.0,2008-11-20,0.0145
456,51.0,59.0,1005.0,2008-11-21,0.022542
457,51.0,59.0,1005.0,2008-11-22,0.020708
458,51.0,59.0,1005.0,2008-11-23,0.012167
459,51.0,59.0,1005.0,2008-11-24,0.020792
460,51.0,59.0,1005.0,2008-11-25,0.018875
461,51.0,59.0,1005.0,2008-11-26,0.012875
462,51.0,59.0,1005.0,2008-11-27,0.015875
463,51.0,59.0,1005.0,2008-11-28,0.010125
464,51.0,59.0,1005.0,2008-11-29,0.015792
465,51.0,59.0,1005.0,2008-11-30,0.00875
466,51.0,59.0,1005.0,2008-12-01,0.017167
467,51.0,59.0,1005.0,2008-12-02,0.010583
468,51.0,59.0,1005.0,2008-12-03,0.012208
469,51.0,59.0,1005.0,2008-12-04,0.010542
470,51.0,59.0,1005.0,2008-12-05,0.014875
471,51.0,59.0,1005.0,2008-12-06,0.009875
472,51.0,59.0,1005.0,2008-12-07,0.025
473,51.0,59.0,1005.0,2008-12-08,0.017958
474,51.0,59.0,1005.0,2008-12-09,0.010292
475,51.0,59.0,1005.0,2008-12-10,0.010917
476,51.0,59.0,1005.0,2008-12-11,0.001
477,51.0,59.0,1005.0,2008-12-12,0.015542
478,51.0,59.0,1005.0,2008-12-13,0.012875
479,51.0,59.0,1005.0,2008-12-14,0.016542
480,51.0,59.0,1005.0,2008-12-15,0.019958
481,51.0,59.0,1005.0,2008-12-16,0.012125
482,51.0,59.0,1005.0,2008-12-17,0.002583
483,51.0,59.0,1005.0,2008-12-18,0.000875
484,51.0,59.0,1005.0,2008-12-19,0.0
485,51.0,59.0,1005.0,2008-12-20,0.004333
486,51.0,59.0,1005.0,2008-12-21,0.019208
487,51.0,59.0,1005.0,2008-12-22,0.022
488,51.0,59.0,1005.0,2008-12-23,0.014625
489,51.0,59.0,1005.0,2008-12-24,0.017625
490,51.0,59.0,1005.0,2008-12-25,0.022458
491,51.0,59.0,1005.0,2008-12-26,0.012708
492,51.0,59.0,1005.0,2008-12-27,0.013625
493,51.0,59.0,1005.0,2008-12-28,0.027292
494,51.0,59.0,1005.0,2008-12-29,0.026167
495,51.0,59.0,1005.0,2008-12-30,0.018458
496,51.0,59.0,1005.0,2008-12-31,0.023789
497,51.0,59.0,5001.0,2008-03-31,0.012
498,51.0,59.0,5001.0,2008-04-01,0.0265
499,51.0,59.0,5001.0,2008-04-02,0.0315
500,51.0,59.0,5001.0,2008-04-03,0.027
501,51.0,59.0,5001.0,2008-04-04,0.015917
502,51.0,59.0,5001.0,2008-04-05,0.03325
503,51.0,59.0,5001.0,2008-04-06,0.032167
504,51.0,59.0,5001.0,2008-04-07,0.030542
505,51.0,59.0,5001.0,2008-04-08,0.017792
506,51.0,59.0,5001.0,2008-04-09,0.017
507,51.0,59.0,5001.0,2008-04-10,0.025458
508,51.0,59.0,5001.0,2008-04-11,0.030083
509,51.0,59.0,5001.0,2008-04-12,0.037917
510,51.0,59.0,5001.0,2008-04-13,0.031833
511,51.0,59.0,5001.0,2008-04-14,0.033833
512,51.0,59.0,5001.0,2008-04-15,0.028625
513,51.0,59.0,5001.0,2008-04-16,0.034667
514,51.0,59.0,5001.0,2008-04-17,0.02875
515,51.0,59.0,5001.0,2008-04-18,0.038542
516,51.0,59.0,5001.0,2008-04-19,0.053125
517,51.0,59.0,5001.0,2008-04-20,0.038625
518,51.0,59.0,5001.0,2008-04-21,0.034208
519,51.0,59.0,5001.0,2008-04-22,0.034833
520,51.0,59.0,5001.0,2008-04-23,0.031917
521,51.0,59.0,5001.0,2008-04-24,0.031083
522,51.0,59.0,5001.0,2008-04-25,0.028375
523,51.0,59.0,5001.0,2008-04-26,0.040542
524,51.0,59.0,5001.0,2008-04-27,0.03075
525,51.0,59.0,5001.0,2008-04-28,0.018042
526,51.0,59.0,5001.0,2008-04-29,0.0385
527,51.0,59.0,5001.0,2008-04-30,0.032
528,51.0,59.0,5001.0,2008-05-01,0.027958
529,51.0,59.0,5001.0,2008-05-02,0.04625
530,51.0,59.0,5001.0,2008-05-03,0.041208
531,51.0,59.0,5001.0,2008-05-04,0.037917
532,51.0,59.0,5001.0,2008-05-05,0.034042
533,51.0,59.0,5001.0,2008-05-06,0.047958
534,51.0,59.0,5001.0,2008-05-07,0.052958
535,51.0,59.0,5001.0,2008-05-08,0.027958
536,51.0,59.0,5001.0,2008-05-09,0.019917
537,51.0,59.0,5001.0,2008-05-10,0.022625
538,51.0,59.0,5001.0,2008-05-11,0.030542
539,51.0,59.0,5001.0,2008-05-12,0.031333
540,51.0,59.0,5001.0,2008-05-13,0.0295
541,51.0,59.0,5001.0,2008-05-14,0.034292
542,51.0,59.0,5001.0,2008-05-15,0.038375
543,51.0,59.0,5001.0,2008-05-16,0.034333
544,51.0,59.0,5001.0,2008-05-17,0.047167
545,51.0,59.0,5001.0,2008-05-18,0.033667
546,51.0,59.0,5001.0,2008-05-19,0.0285
547,51.0,59.0,5001.0,2008-05-20,0.023167
548,51.0,59.0,5001.0,2008-05-21,0.028292
549,51.0,59.0,5001.0,2008-05-22,0.027958
550,51.0,59.0,5001.0,2008-05-23,0.025958
551,51.0,59.0,5001.0,2008-05-24,0.032208
552,51.0,59.0,5001.0,2008-05-25,0.040292
553,51.0,59.0,5001.0,2008-05-26,0.050083
554,51.0,59.0,5001.0,2008-05-27,0.029583
555,51.0,59.0,5001.0,2008-05-28,0.035375
556,51.0,59.0,5001.0,2008-05-29,0.03975
557,51.0,59.0,5001.0,2008-05-30,0.047125
558,51.0,59.0,5001.0,2008-05-31,0.028333
559,51.0,59.0,5001.0,2008-06-01,0.045792
560,51.0,59.0,5001.0,2008-06-02,0.037792
561,51.0,59.0,5001.0,2008-06-03,0.045
562,51.0,59.0,5001.0,2008-06-04,0.0279
563,51.0,59.0,5001.0,2008-06-05,0.046375
564,51.0,59.0,5001.0,2008-06-06,0.040292
565,51.0,59.0,5001.0,2008-06-07,0.038458
566,51.0,59.0,5001.0,2008-06-08,0.029292
567,51.0,59.0,5001.0,2008-06-09,0.034083
568,51.0,59.0,5001.0,2008-06-10,0.040792
569,51.0,59.0,5001.0,2008-06-11,0.038833
570,51.0,59.0,5001.0,2008-06-12,0.058375
571,51.0,59.0,5001.0,2008-06-13,0.061208
572,51.0,59.0,5001.0,2008-06-14,0.038125
573,51.0,59.0,5001.0,2008-06-15,0.035833
574,51.0,59.0,5001.0,2008-06-16,0.025042
575,51.0,59.0,5001.0,2008-06-17,0.031167
576,51.0,59.0,5001.0,2008-06-18,0.031417
577,51.0,59.0,5001.0,2008-06-19,0.028625
578,51.0,59.0,5001.0,2008-06-20,0.036208
579,51.0,59.0,5001.0,2008-06-21,0.053292
580,51.0,59.0,5001.0,2008-06-22,0.048833
581,51.0,59.0,5001.0,2008-06-23,0.037917
582,51.0,59.0,5001.0,2008-06-24,0.031667
583,51.0,59.0,5001.0,2008-06-25,0.039083
584,51.0,59.0,5001.0,2008-06-26,0.03775
585,51.0,59.0,5001.0,2008-06-27,0.027958
586,51.0,59.0,5001.0,2008-06-28,0.030542
587,51.0,59.0,5001.0,2008-06-29,0.034208
588,51.0,59.0,5001.0,2008-06-30,0.027708
589,51.0,59.0,5001.0,2008-07-01,0.025208
590,51.0,59.0,5001.0,2008-07-02,0.038333
591,51.0,59.0,5001.0,2008-07-03,0.047167
592,51.0,59.0,5001.0,2008-07-04,0.034542
593,51.0,59.0,5001.0,2008-07-05,0.035042
594,51.0,59.0,5001.0,2008-07-06,0.030958
595,51.0,59.0,5001.0,2008-07-07,0.035958
596,51.0,59.0,5001.0,2008-07-08,0.044292
597,51.0,59.0,5001.0,2008-07-09,0.023125
598,51.0,59.0,5001.0,2008-07-10,0.033625
599,51.0,59.0,5001.0,2008-07-11,0.041458
600,51.0,59.0,5001.0,2008-07-12,0.055708
601,51.0,59.0,5001.0,2008-07-13,0.043125
602,51.0,59.0,5001.0,2008-07-14,0.023
603,51.0,59.0,5001.0,2008-07-15,0.037292
604,51.0,59.0,5001.0,2008-07-16,0.045708
605,51.0,59.0,5001.0,2008-07-17,0.055542
606,51.0,59.0,5001.0,2008-07-18,0.045375
607,51.0,59.0,5001.0,2008-07-19,0.033167
608,51.0,59.0,5001.0,2008-07-20,0.040625
609,51.0,59.0,5001.0,2008-07-21,0.040167
610,51.0,59.0,5001.0,2008-07-22,0.042625
611,51.0,59.0,5001.0,2008-07-23,0.036542
612,51.0,59.0,5001.0,2008-07-24,0.022875
613,51.0,59.0,5001.0,2008-07-25,0.036
614,51.0,59.0,5001.0,2008-07-26,0.045792
615,51.0,59.0,5001.0,2008-07-27,0.033417
616,51.0,59.0,5001.0,2008-07-28,0.039292
617,51.0,59.0,5001.0,2008-07-29,0.046833
618,51.0,59.0,5001.0,2008-07-30,0.035208
619,51.0,59.0,5001.0,2008-07-31,0.027667
620,51.0,59.0,5001.0,2008-08-01,0.038208
621,51.0,59.0,5001.0,2008-08-02,0.03325
622,51.0,59.0,5001.0,2008-08-03,0.030125
623,51.0,59.0,5001.0,2008-08-04,0.028375
624,51.0,59.0,5001.0,2008-08-05,0.023958
625,51.0,59.0,5001.0,2008-08-06,0.03775
626,51.0,59.0,5001.0,2008-08-07,0.036667
627,51.0,59.0,5001.0,2008-08-08,0.02825
628,51.0,59.0,5001.0,2008-08-09,0.029042
629,51.0,59.0,5001.0,2008-08-10,0.03325
630,51.0,59.0,5001.0,2008-08-11,0.031125
631,51.0,59.0,5001.0,2008-08-12,0.026583
632,51.0,59.0,5001.0,2008-08-13,0.031958
633,51.0,59.0,5001.0,2008-08-14,0.030125
634,51.0,59.0,5001.0,2008-08-15,0.027167
635,51.0,59.0,5001.0,2008-08-16,0.03025
636,51.0,59.0,5001.0,2008-08-17,0.034917
637,51.0,59.0,5001.0,2008-08-18,0.035625
638,51.0,59.0,5001.0,2008-08-19,0.04175
639,51.0,59.0,5001.0,2008-08-20,0.029917
640,51.0,59.0,5001.0,2008-08-21,0.041917
641,51.0,59.0,5001.0,2008-08-22,0.032958
642,51.0,59.0,5001.0,2008-08-23,0.028667
643,51.0,59.0,5001.0,2008-08-24,0.030583
644,51.0,59.0,5001.0,2008-08-25,0.034125
645,51.0,59.0,5001.0,2008-08-26,0.027417
646,51.0,59.0,5001.0,2008-08-27,0.035833
647,51.0,59.0,5001.0,2008-08-28,0.025333
648,51.0,59.0,5001.0,2008-08-29,0.011292
649,51.0,59.0,5001.0,2008-08-30,0.029667
650,51.0,59.0,5001.0,2008-08-31,0.025625
651,51.0,59.0,5001.0,2008-09-01,0.024417
652,51.0,59.0,5001.0,2008-09-02,0.029083
653,51.0,59.0,5001.0,2008-09-03,0.035125
654,51.0,59.0,5001.0,2008-09-04,0.045583
655,51.0,59.0,5001.0,2008-09-08,0.037458
656,51.0,59.0,5001.0,2008-09-09,0.021333
657,51.0,59.0,5001.0,2008-09-10,0.024667
658,51.0,59.0,5001.0,2008-09-11,0.028292
659,51.0,59.0,5001.0,2008-09-12,0.012875
660,51.0,59.0,5001.0,2008-09-13,0.022167
661,51.0,59.0,5001.0,2008-09-14,0.027708
662,51.0,59.0,5001.0,2008-09-15,0.029167
663,51.0,59.0,5001.0,2008-09-16,0.012208
664,51.0,59.0,5001.0,2008-09-17,0.016833
665,51.0,59.0,5001.0,2008-09-18,0.028917
666,51.0,59.0,5001.0,2008-09-19,0.022042
667,51.0,59.0,5001.0,2008-09-22,0.03575
668,51.0,59.0,5001.0,2008-09-23,0.02325
669,51.0,59.0,5001.0,2008-09-24,0.025083
670,51.0,59.0,5001.0,2008-09-25,0.018958
671,51.0,59.0,5001.0,2008-09-26,0.011125
672,51.0,59.0,5001.0,2008-10-02,0.015
673,51.0,59.0,5001.0,2008-10-03,0.017958
674,51.0,59.0,5001.0,2008-10-04,0.017417
675,51.0,59.0,5001.0,2008-10-05,0.016375
676,51.0,59.0,5001.0,2008-10-06,0.013625
677,51.0,59.0,5001.0,2008-10-07,0.012042
678,51.0,59.0,5001.0,2008-10-08,0.017333
679,51.0,59.0,5001.0,2008-10-09,0.01625
680,51.0,59.0,5001.0,2008-10-10,0.014875
681,51.0,59.0,5001.0,2008-10-11,0.01325
682,51.0,59.0,5001.0,2008-10-12,0.016625
683,51.0,59.0,5001.0,2008-10-13,0.010417
684,51.0,59.0,5001.0,2008-10-14,0.013042
685,51.0,59.0,5001.0,2008-10-15,0.020833
686,51.0,59.0,5001.0,2008-10-16,0.023
687,51.0,59.0,5001.0,2008-10-17,0.017042
688,51.0,59.0,5001.0,2008-10-18,0.019
689,51.0,59.0,5001.0,2008-10-19,0.015333
690,51.0,59.0,5001.0,2008-10-20,0.011125
691,51.0,59.0,5001.0,2008-10-21,0.021
692,51.0,59.0,5001.0,2008-10-22,0.013
693,51.0,59.0,5001.0,2008-10-23,0.005375
694,51.0,59.0,5001.0,2008-10-24,0.015292
695,51.0,59.0,5001.0,2008-10-25,0.019583
696,51.0,59.0,5001.0,2008-10-26,0.016792
697,51.0,59.0,5001.0,2008-10-27,0.016333
698,51.0,59.0,5001.0,2008-10-28,0.016292
699,51.0,59.0,5001.0,2008-10-29,0.017875
700,51.0,59.0,5001.0,2008-10-30,0.011083
701,51.0,59.0,5001.0,2008-10-31,0.011125
702,51.0,59.0,5001.0,2008-11-01,0.025542
703,51.0,59.0,5001.0,2008-11-02,0.022917
704,51.0,59.0,5001.0,2008-11-03,0.007042
705,51.0,59.0,5001.0,2008-11-04,0.008583
706,51.0,59.0,5001.0,2008-11-05,0.019292
707,51.0,59.0,5001.0,2008-11-06,0.021083
708,51.0,59.0,5001.0,2008-11-07,0.011417
709,51.0,59.0,5001.0,2008-11-08,0.021917
710,51.0,59.0,5001.0,2008-11-09,0.016875
711,51.0,59.0,5001.0,2008-11-10,0.015167
712,51.0,59.0,5001.0,2008-11-11,0.009375
713,51.0,59.0,5001.0,2008-11-12,0.002833
714,51.0,59.0,5001.0,2008-11-13,0.0015
715,51.0,59.0,5001.0,2008-11-14,0.000375
716,51.0,59.0,5001.0,2008-11-15,0.014333
717,51.0,59.0,5001.0,2008-11-16,0.017458
718,51.0,59.0,5001.0,2008-11-17,0.0135
719,51.0,59.0,5001.0,2008-11-18,0.023
720,51.0,59.0,5001.0,2008-11-19,0.019333
721,51.0,59.0,5001.0,2008-11-20,0.01125
722,51.0,59.0,5001.0,2008-11-21,0.020792
723,51.0,59.0,5001.0,2008-11-22,0.018917
724,51.0,59.0,5001.0,2008-11-23,0.009667
725,51.0,59.0,5001.0,2008-11-24,0.017167
726,51.0,59.0,5001.0,2008-11-25,0.016083
727,51.0,59.0,5001.0,2008-11-26,0.009833
728,51.0,59.0,5001.0,2008-11-27,0.008583
729,51.0,59.0,5001.0,2008-11-28,0.008708
730,51.0,59.0,5001.0,2008-11-29,0.011625
731,51.0,59.0,5001.0,2008-11-30,0.0085
732,51.0,59.0,5001.0,2008-12-01,0.012
733,51.0,59.0,5001.0,2008-12-02,0.008542
734,51.0,59.0,5001.0,2008-12-03,0.007833
735,51.0,59.0,5001.0,2008-12-04,0.010833
736,51.0,59.0,5001.0,2008-12-05,0.014583
737,51.0,59.0,5001.0,2008-12-06,0.007583
738,51.0,59.0,5001.0,2008-12-07,0.023292
739,51.0,59.0,5001.0,2008-12-08,0.015
740,51.0,59.0,5001.0,2008-12-09,0.007
741,51.0,59.0,5001.0,2008-12-10,0.007333
742,51.0,59.0,5001.0,2008-12-11,0.001083
743,51.0,59.0,5001.0,2008-12-12,0.015417
744,51.0,59.0,5001.0,2008-12-13,0.012583
745,51.0,59.0,5001.0,2008-12-14,0.01375
746,51.0,59.0,5001.0,2008-12-15,0.015667
747,51.0,59.0,5001.0,2008-12-16,0.011167
748,51.0,59.0,5001.0,2008-12-17,0.000625
749,51.0,59.0,5001.0,2008-12-19,0.0
750,51.0,59.0,5001.0,2008-12-20,0.00425
751,51.0,59.0,5001.0,2008-12-21,0.01875
752,51.0,59.0,5001.0,2008-12-22,0.020875
753,51.0,59.0,5001.0,2008-12-23,0.011042
754,51.0,59.0,5001.0,2008-12-24,0.017667
755,51.0,59.0,5001.0,2008-12-25,0.022458
756,51.0,59.0,5001.0,2008-12-26,0.009167
757,51.0,59.0,5001.0,2008-12-27,0.009917
758,51.0,59.0,5001.0,2008-12-28,0.025667
759,51.0,59.0,5001.0,2008-12-29,0.021292
760,51.0,59.0,5001.0,2008-12-30,0.016792
761,51.0,59.0,5001.0,2008-12-31,0.022526
762,51.0,510.0,9.0,2008-03-31,0.003
763,51.0,510.0,9.0,2008-04-01,0.0245
764,51.0,510.0,9.0,2008-04-02,0.026583
765,51.0,510.0,9.0,2008-04-03,0.029
766,51.0,510.0,9.0,2008-04-04,0.016583
767,51.0,510.0,9.0,2008-04-05,0.028583
768,51.0,510.0,9.0,2008-04-06,0.029417
769,51.0,510.0,9.0,2008-04-07,0.028792
770,51.0,510.0,9.0,2008-04-08,0.021958
771,51.0,510.0,9.0,2008-04-09,0.023556
772,51.0,510.0,9.0,2008-04-10,0.023417
773,51.0,510.0,9.0,2008-04-11,0.031625
774,51.0,510.0,9.0,2008-04-12,0.030208
775,51.0,510.0,9.0,2008-04-13,0.028667
776,51.0,510.0,9.0,2008-04-14,0.027625
777,51.0,510.0,9.0,2008-04-15,0.024167
778,51.0,510.0,9.0,2008-04-16,0.032056
779,51.0,510.0,9.0,2008-04-17,0.021542
780,51.0,510.0,9.0,2008-04-18,0.028417
781,51.0,510.0,9.0,2008-04-19,0.049333
782,51.0,510.0,9.0,2008-04-20,0.036708
783,51.0,510.0,9.0,2008-04-21,0.032833
784,51.0,510.0,9.0,2008-04-22,0.031056
785,51.0,510.0,9.0,2008-04-23,0.026625
786,51.0,510.0,9.0,2008-04-24,0.02525
787,51.0,510.0,9.0,2008-04-25,0.027375
788,51.0,510.0,9.0,2008-04-26,0.039625
789,51.0,510.0,9.0,2008-04-27,0.030333
790,51.0,510.0,9.0,2008-04-28,0.014375
791,51.0,510.0,9.0,2008-04-29,0.033375
792,51.0,510.0,9.0,2008-04-30,0.030042
793,51.0,510.0,9.0,2008-05-01,0.033167
794,51.0,510.0,9.0,2008-05-02,0.047083
795,51.0,510.0,9.0,2008-05-03,0.039
796,51.0,510.0,9.0,2008-05-04,0.034208
797,51.0,510.0,9.0,2008-05-05,0.030542
798,51.0,510.0,9.0,2008-05-06,0.036708
799,51.0,510.0,9.0,2008-05-07,0.051708
800,51.0,510.0,9.0,2008-05-08,0.027417
801,51.0,510.0,9.0,2008-05-09,0.0165
802,51.0,510.0,9.0,2008-05-10,0.017958
803,51.0,510.0,9.0,2008-05-11,0.028208
804,51.0,510.0,9.0,2008-05-12,0.026792
805,51.0,510.0,9.0,2008-05-13,0.019333
806,51.0,510.0,9.0,2008-05-14,0.027542
807,51.0,510.0,9.0,2008-05-15,0.033833
808,51.0,510.0,9.0,2008-05-16,0.032833
809,51.0,510.0,9.0,2008-05-17,0.043375
810,51.0,510.0,9.0,2008-05-18,0.030708
811,51.0,510.0,9.0,2008-05-19,0.024458
812,51.0,510.0,9.0,2008-05-20,0.018125
813,51.0,510.0,9.0,2008-05-21,0.022167
814,51.0,510.0,9.0,2008-05-22,0.022375
815,51.0,510.0,9.0,2008-05-23,0.022542
816,51.0,510.0,9.0,2008-05-24,0.024417
817,51.0,510.0,9.0,2008-05-25,0.0355
818,51.0,510.0,9.0,2008-05-26,0.045792
819,51.0,510.0,9.0,2008-05-27,0.027458
820,51.0,510.0,9.0,2008-05-28,0.031167
821,51.0,510.0,9.0,2008-05-29,0.037833
822,51.0,510.0,9.0,2008-05-30,0.045042
823,51.0,510.0,9.0,2008-05-31,0.026375
824,51.0,510.0,9.0,2008-06-01,0.034667
825,51.0,510.0,9.0,2008-06-02,0.027375
826,51.0,510.0,9.0,2008-06-03,0.037875
827,51.0,510.0,9.0,2008-06-04,0.027208
828,51.0,510.0,9.0,2008-06-05,0.040708
829,51.0,510.0,9.0,2008-06-06,0.036125
830,51.0,510.0,9.0,2008-06-07,0.0405
831,51.0,510.0,9.0,2008-06-09,0.025167
832,51.0,510.0,9.0,2008-06-10,0.037792
833,51.0,510.0,9.0,2008-06-11,0.038111
834,51.0,510.0,9.0,2008-06-12,0.043375
835,51.0,510.0,9.0,2008-06-13,0.053958
836,51.0,510.0,9.0,2008-06-14,0.035583
837,51.0,510.0,9.0,2008-06-15,0.030542
838,51.0,510.0,9.0,2008-06-16,0.025708
839,51.0,510.0,9.0,2008-06-17,0.026792
840,51.0,510.0,9.0,2008-06-18,0.028778
841,51.0,510.0,9.0,2008-06-19,0.026167
842,51.0,510.0,9.0,2008-06-20,0.033375
843,51.0,510.0,9.0,2008-06-21,0.045708
844,51.0,510.0,9.0,2008-06-22,0.042792
845,51.0,510.0,9.0,2008-06-23,0.034958
846,51.0,510.0,9.0,2008-06-24,0.025542
847,51.0,510.0,9.0,2008-06-25,0.036
848,51.0,510.0,9.0,2008-06-26,0.038125
849,51.0,510.0,9.0,2008-06-27,0.029042
850,51.0,510.0,9.0,2008-06-28,0.0275
851,51.0,510.0,9.0,2008-06-29,0.031125
852,51.0,510.0,9.0,2008-06-30,0.024458
853,51.0,510.0,9.0,2008-07-01,0.022542
854,51.0,510.0,9.0,2008-07-02,0.0375
855,51.0,510.0,9.0,2008-07-03,0.046333
856,51.0,510.0,9.0,2008-07-04,0.035125
857,51.0,510.0,9.0,2008-07-05,0.029417
858,51.0,510.0,9.0,2008-07-06,0.029917
859,51.0,510.0,9.0,2008-07-07,0.033208
860,51.0,510.0,9.0,2008-07-08,0.041375
861,51.0,510.0,9.0,2008-07-09,0.024417
862,51.0,510.0,9.0,2008-07-10,0.032417
863,51.0,510.0,9.0,2008-07-11,0.04075
864,51.0,510.0,9.0,2008-07-12,0.051042
865,51.0,510.0,9.0,2008-07-13,0.044375
866,51.0,510.0,9.0,2008-07-14,0.029417
867,51.0,510.0,9.0,2008-07-15,0.035708
868,51.0,510.0,9.0,2008-07-16,0.040917
869,51.0,510.0,9.0,2008-07-17,0.054417
870,51.0,510.0,9.0,2008-07-18,0.052833
871,51.0,510.0,9.0,2008-07-19,0.03325
872,51.0,510.0,9.0,2008-07-20,0.034167
873,51.0,510.0,9.0,2008-07-21,0.037458
874,51.0,510.0,9.0,2008-07-22,0.041458
875,51.0,510.0,9.0,2008-07-23,0.04
876,51.0,510.0,9.0,2008-07-25,0.034333
877,51.0,510.0,9.0,2008-07-26,0.0475
878,51.0,510.0,9.0,2008-07-27,0.034458
879,51.0,510.0,9.0,2008-07-28,0.037417
880,51.0,510.0,9.0,2008-07-29,0.042292
881,51.0,510.0,9.0,2008-07-30,0.028778
882,51.0,510.0,9.0,2008-07-31,0.024833
883,51.0,510.0,9.0,2008-08-01,0.034625
884,51.0,510.0,9.0,2008-08-02,0.032167
885,51.0,510.0,9.0,2008-08-03,0.029542
886,51.0,510.0,9.0,2008-08-04,0.027
887,51.0,510.0,9.0,2008-08-05,0.03025
888,51.0,510.0,9.0,2008-08-06,0.032875
889,51.0,510.0,9.0,2008-08-07,0.028042
890,51.0,510.0,9.0,2008-08-08,0.024
891,51.0,510.0,9.0,2008-08-09,0.028208
892,51.0,510.0,9.0,2008-08-10,0.027667
893,51.0,510.0,9.0,2008-08-11,0.025708
894,51.0,510.0,9.0,2008-08-12,0.0235
895,51.0,510.0,9.0,2008-08-13,0.032167
896,51.0,510.0,9.0,2008-08-14,0.025042
897,51.0,510.0,9.0,2008-08-15,0.023917
898,51.0,510.0,9.0,2008-08-16,0.025333
899,51.0,510.0,9.0,2008-08-17,0.03425
900,51.0,510.0,9.0,2008-08-18,0.037542
901,51.0,510.0,9.0,2008-08-19,0.0345
902,51.0,510.0,9.0,2008-08-20,0.026222
903,51.0,510.0,9.0,2008-08-21,0.037333
904,51.0,510.0,9.0,2008-08-22,0.029458
905,51.0,510.0,9.0,2008-08-23,0.0278
906,51.0,510.0,9.0,2008-08-26,0.028077
907,51.0,510.0,9.0,2008-08-27,0.032778
908,51.0,510.0,9.0,2008-08-28,0.022333
909,51.0,510.0,9.0,2008-08-29,0.012
910,51.0,510.0,9.0,2008-08-30,0.024708
911,51.0,510.0,9.0,2008-08-31,0.02425
912,51.0,510.0,9.0,2008-09-01,0.020792
913,51.0,510.0,9.0,2008-09-02,0.018167
914,51.0,510.0,9.0,2008-09-03,0.037583
915,51.0,510.0,9.0,2008-09-04,0.049417
916,51.0,510.0,9.0,2008-09-05,0.025667
917,51.0,510.0,9.0,2008-09-06,0.014417
918,51.0,510.0,9.0,2008-09-07,0.025083
919,51.0,510.0,9.0,2008-09-08,0.032167
920,51.0,510.0,9.0,2008-09-09,0.019833
921,51.0,510.0,9.0,2008-09-10,0.023389
922,51.0,510.0,9.0,2008-09-11,0.0255
923,51.0,510.0,9.0,2008-09-12,0.015
924,51.0,510.0,9.0,2008-09-13,0.020667
925,51.0,510.0,9.0,2008-09-14,0.022375
926,51.0,510.0,9.0,2008-09-15,0.024333
927,51.0,510.0,9.0,2008-09-16,0.009542
928,51.0,510.0,9.0,2008-09-17,0.0125
929,51.0,510.0,9.0,2008-09-18,0.0195
930,51.0,510.0,9.0,2008-09-19,0.019583
931,51.0,510.0,9.0,2008-09-20,0.015417
932,51.0,510.0,9.0,2008-09-21,0.023625
933,51.0,510.0,9.0,2008-09-22,0.028792
934,51.0,510.0,9.0,2008-09-23,0.020792
935,51.0,510.0,9.0,2008-09-24,0.023542
936,51.0,510.0,9.0,2008-10-07,0.011
937,51.0,510.0,9.0,2008-10-08,0.026292
938,51.0,510.0,9.0,2008-10-09,0.015542
939,51.0,510.0,9.0,2008-10-10,0.011542
940,51.0,510.0,9.0,2008-10-11,0.01175
941,51.0,510.0,9.0,2008-10-12,0.015083
942,51.0,510.0,9.0,2008-10-13,0.009792
943,51.0,510.0,9.0,2008-10-14,0.014833
944,51.0,510.0,9.0,2008-10-15,0.0205
945,51.0,510.0,9.0,2008-10-16,0.018792
946,51.0,510.0,9.0,2008-10-17,0.014083
947,51.0,510.0,9.0,2008-10-18,0.016917
948,51.0,510.0,9.0,2008-10-19,0.013375
949,51.0,510.0,9.0,2008-10-20,0.009375
950,51.0,510.0,9.0,2008-10-21,0.017958
951,51.0,510.0,9.0,2008-10-22,0.0125
952,51.0,510.0,9.0,2008-10-23,0.008583
953,51.0,510.0,9.0,2008-10-24,0.017458
954,51.0,510.0,9.0,2008-10-25,0.017667
955,51.0,510.0,9.0,2008-10-26,0.01675
956,51.0,510.0,9.0,2008-10-27,0.012167
957,51.0,510.0,9.0,2008-10-28,0.007
958,51.0,510.0,9.0,2008-10-29,0.015053
959,51.0,510.0,9.0,2008-10-30,0.011588
960,51.0,59.0,5.0,2009-01-01,0.027667
961,51.0,59.0,5.0,2009-01-02,0.024417
962,51.0,59.0,5.0,2009-01-03,0.013333
963,51.0,59.0,5.0,2009-01-04,0.008917
964,51.0,59.0,5.0,2009-01-05,0.0115
965,51.0,59.0,5.0,2009-01-06,0.008583
966,51.0,59.0,5.0,2009-01-07,0.005083
967,51.0,59.0,5.0,2009-01-08,0.025542
968,51.0,59.0,5.0,2009-01-09,0.016083
969,51.0,59.0,5.0,2009-01-10,0.00825
970,51.0,59.0,5.0,2009-01-11,0.017042
971,51.0,59.0,5.0,2009-01-12,0.012458
972,51.0,59.0,5.0,2009-01-13,0.015208
973,51.0,59.0,5.0,2009-01-14,0.021875
974,51.0,59.0,5.0,2009-01-15,0.021125
975,51.0,59.0,5.0,2009-01-16,0.024708
976,51.0,59.0,5.0,2009-01-17,0.020583
977,51.0,59.0,5.0,2009-01-18,0.017667
978,51.0,59.0,5.0,2009-01-19,0.008
979,51.0,59.0,5.0,2009-01-20,0.020583
980,51.0,59.0,5.0,2009-01-21,0.020458
981,51.0,59.0,5.0,2009-01-22,0.010958
982,51.0,59.0,5.0,2009-01-23,0.020125
983,51.0,59.0,5.0,2009-01-24,0.027583
984,51.0,59.0,5.0,2009-01-25,0.020833
985,51.0,59.0,5.0,2009-01-26,0.012708
986,51.0,59.0,5.0,2009-01-27,0.005667
987,51.0,59.0,5.0,2009-01-28,0.015958
988,51.0,59.0,5.0,2009-01-29,0.016208
989,51.0,59.0,5.0,2009-01-30,0.021333
990,51.0,59.0,5.0,2009-01-31,0.025
991,51.0,59.0,5.0,2009-02-01,0.029208
992,51.0,59.0,5.0,2009-02-02,0.026583
993,51.0,59.0,5.0,2009-02-03,0.030583
994,51.0,59.0,5.0,2009-02-04,0.029417
995,51.0,59.0,5.0,2009-02-05,0.022208
996,51.0,59.0,5.0,2009-02-06,0.010833
997,51.0,59.0,5.0,2009-02-07,0.026667
998,51.0,59.0,5.0,2009-02-08,0.027292
999,51.0,59.0,5.0,2009-02-09,0.023833
1000,51.0,59.0,5.0,2009-02-10,0.015625
1001,51.0,59.0,5.0,2009-02-11,0.030917
1002,51.0,59.0,5.0,2009-02-12,0.039625
1003,51.0,59.0,5.0,2009-02-13,0.027042
1004,51.0,59.0,5.0,2009-02-14,0.019375
1005,51.0,59.0,5.0,2009-02-15,0.033042
1006,51.0,59.0,5.0,2009-02-16,0.032208
1007,51.0,59.0,5.0,2009-02-17,0.026917
1008,51.0,59.0,5.0,2009-02-18,0.024583
1009,51.0,59.0,5.0,2009-02-19,0.026708
1010,51.0,59.0,5.0,2009-02-20,0.028583
1011,51.0,59.0,5.0,2009-02-21,0.02825
1012,51.0,59.0,5.0,2009-02-22,0.035542
1013,51.0,59.0,5.0,2009-02-23,0.035583
1014,51.0,59.0,5.0,2009-02-24,0.024375
1015,51.0,59.0,5.0,2009-02-25,0.022042
1016,51.0,59.0,5.0,2009-02-26,0.021
1017,51.0,59.0,5.0,2009-02-27,0.035125
1018,51.0,59.0,5.0,2009-02-28,0.023292
1019,51.0,59.0,5.0,2009-03-01,0.026375
1020,51.0,59.0,5.0,2009-03-02,0.0335
1021,51.0,59.0,5.0,2009-03-03,0.029333
1022,51.0,59.0,5.0,2009-03-04,0.02
1023,51.0,59.0,5.0,2009-03-05,0.024708
1024,51.0,59.0,5.0,2009-03-06,0.040583
1025,51.0,59.0,5.0,2009-03-07,0.03525
1026,51.0,59.0,5.0,2009-03-08,0.031417
1027,51.0,59.0,5.0,2009-03-09,0.028125
1028,51.0,59.0,5.0,2009-03-10,0.024167
1029,51.0,59.0,5.0,2009-03-11,0.036958
1030,51.0,59.0,5.0,2009-03-12,0.029833
1031,51.0,59.0,5.0,2009-03-13,0.021458
1032,51.0,59.0,5.0,2009-03-14,0.021375
1033,51.0,59.0,5.0,2009-03-15,0.014667
1034,51.0,59.0,5.0,2009-03-16,0.013583
1035,51.0,59.0,5.0,2009-03-17,0.02125
1036,51.0,59.0,5.0,2009-03-18,0.030409
1037,51.0,59.0,5.0,2009-03-19,0.021368
1038,51.0,59.0,5.0,2009-03-20,0.026
1039,51.0,59.0,5.0,2009-03-21,0.021125
1040,51.0,59.0,5.0,2009-03-22,0.031292
1041,51.0,59.0,5.0,2009-03-23,0.034917
1042,51.0,59.0,5.0,2009-03-24,0.026917
1043,51.0,59.0,5.0,2009-03-25,0.031042
1044,51.0,59.0,5.0,2009-03-26,0.016208
1045,51.0,59.0,5.0,2009-03-27,0.024375
1046,51.0,59.0,5.0,2009-03-28,0.02675
1047,51.0,59.0,5.0,2009-03-29,0.030875
1048,51.0,59.0,5.0,2009-03-30,0.03325
1049,51.0,59.0,5.0,2009-03-31,0.031708
1050,51.0,59.0,5.0,2009-04-01,0.018292
1051,51.0,59.0,5.0,2009-04-02,0.021125
1052,51.0,59.0,5.0,2009-04-03,0.043875
1053,51.0,59.0,5.0,2009-04-04,0.04875
1054,51.0,59.0,5.0,2009-04-05,0.048292
1055,51.0,59.0,5.0,2009-04-06,0.034542
1056,51.0,59.0,5.0,2009-04-07,0.042417
1057,51.0,59.0,5.0,2009-04-08,0.03525
1058,51.0,59.0,5.0,2009-04-09,0.028917
1059,51.0,59.0,5.0,2009-04-10,0.036292
1060,51.0,59.0,5.0,2009-04-11,0.033125
1061,51.0,59.0,5.0,2009-04-12,0.036417
1062,51.0,59.0,5.0,2009-04-13,0.032667
1063,51.0,59.0,5.0,2009-04-14,0.030625
1064,51.0,59.0,5.0,2009-04-15,0.025292
1065,51.0,59.0,5.0,2009-04-16,0.028583
1066,51.0,59.0,5.0,2009-04-17,0.031667
1067,51.0,59.0,5.0,2009-04-18,0.035292
1068,51.0,59.0,5.0,2009-04-19,0.03825
1069,51.0,59.0,5.0,2009-04-20,0.027333
1070,51.0,59.0,5.0,2009-04-21,0.02175
1071,51.0,59.0,5.0,2009-04-22,0.033292
1072,51.0,59.0,5.0,2009-04-23,0.034417
1073,51.0,59.0,5.0,2009-04-24,0.039875
1074,51.0,59.0,5.0,2009-04-25,0.042
1075,51.0,59.0,5.0,2009-04-26,0.039792
1076,51.0,59.0,5.0,2009-04-27,0.045375
1077,51.0,59.0,5.0,2009-04-28,0.045667
1078,51.0,59.0,1005.0,2009-01-01,0.026625
1079,51.0,59.0,1005.0,2009-01-02,0.024125
1080,51.0,59.0,1005.0,2009-01-03,0.0165
1081,51.0,59.0,1005.0,2009-01-04,0.012375
1082,51.0,59.0,1005.0,2009-01-05,0.011208
1083,51.0,59.0,1005.0,2009-01-06,0.00875
1084,51.0,59.0,1005.0,2009-01-07,0.0045
1085,51.0,59.0,1005.0,2009-01-08,0.026
1086,51.0,59.0,1005.0,2009-01-09,0.0145
1087,51.0,59.0,1005.0,2009-01-10,0.006917
1088,51.0,59.0,1005.0,2009-01-11,0.016917
1089,51.0,59.0,1005.0,2009-01-12,0.013583
1090,51.0,59.0,1005.0,2009-01-13,0.012083
1091,51.0,59.0,1005.0,2009-01-14,0.020625
1092,51.0,59.0,1005.0,2009-01-15,0.018292
1093,51.0,59.0,1005.0,2009-01-16,0.023125
1094,51.0,59.0,1005.0,2009-01-17,0.020042
1095,51.0,59.0,1005.0,2009-01-18,0.01675
1096,51.0,59.0,1005.0,2009-01-19,0.007875
1097,51.0,59.0,1005.0,2009-01-20,0.0195
1098,51.0,59.0,1005.0,2009-01-21,0.020167
1099,51.0,59.0,1005.0,2009-01-22,0.009292
1100,51.0,59.0,1005.0,2009-01-23,0.02225
1101,51.0,59.0,1005.0,2009-01-24,0.02925
1102,51.0,59.0,1005.0,2009-01-25,0.01825
1103,51.0,59.0,1005.0,2009-01-26,0.009167
1104,51.0,59.0,1005.0,2009-01-27,0.008625
1105,51.0,59.0,1005.0,2009-01-28,0.014333
1106,51.0,59.0,1005.0,2009-01-29,0.016458
1107,51.0,59.0,1005.0,2009-01-30,0.022708
1108,51.0,59.0,1005.0,2009-01-31,0.025208
1109,51.0,59.0,1005.0,2009-02-01,0.029458
1110,51.0,59.0,1005.0,2009-02-02,0.027875
1111,51.0,59.0,1005.0,2009-02-03,0.027125
1112,51.0,59.0,1005.0,2009-02-04,0.028792
1113,51.0,59.0,1005.0,2009-02-05,0.022333
1114,51.0,59.0,1005.0,2009-02-06,0.011917
1115,51.0,59.0,1005.0,2009-02-07,0.030208
1116,51.0,59.0,1005.0,2009-02-08,0.037167
1117,51.0,59.0,1005.0,2009-02-09,0.027542
1118,51.0,59.0,1005.0,2009-02-10,0.017917
1119,51.0,59.0,1005.0,2009-02-11,0.03225
1120,51.0,59.0,1005.0,2009-02-12,0.039042
1121,51.0,59.0,1005.0,2009-02-13,0.028917
1122,51.0,59.0,1005.0,2009-02-14,0.021292
1123,51.0,59.0,1005.0,2009-02-15,0.032125
1124,51.0,59.0,1005.0,2009-02-16,0.0305
1125,51.0,59.0,1005.0,2009-02-17,0.025333
1126,51.0,59.0,1005.0,2009-02-18,0.024667
1127,51.0,59.0,1005.0,2009-02-19,0.025875
1128,51.0,59.0,1005.0,2009-02-20,0.029167
1129,51.0,59.0,1005.0,2009-02-21,0.029375
1130,51.0,59.0,1005.0,2009-02-22,0.034333
1131,51.0,59.0,1005.0,2009-02-23,0.034375
1132,51.0,59.0,1005.0,2009-02-24,0.0255
1133,51.0,59.0,1005.0,2009-02-25,0.023458
1134,51.0,59.0,1005.0,2009-02-26,0.021125
1135,51.0,59.0,1005.0,2009-02-27,0.035542
1136,51.0,59.0,1005.0,2009-02-28,0.023042
1137,51.0,59.0,1005.0,2009-03-01,0.025375
1138,51.0,59.0,1005.0,2009-03-02,0.032208
1139,51.0,59.0,1005.0,2009-03-03,0.02625
1140,51.0,59.0,1005.0,2009-03-04,0.019583
1141,51.0,59.0,1005.0,2009-03-05,0.025542
1142,51.0,59.0,1005.0,2009-03-06,0.037708
1143,51.0,59.0,1005.0,2009-03-07,0.039667
1144,51.0,59.0,1005.0,2009-03-08,0.036333
1145,51.0,59.0,1005.0,2009-03-09,0.031
1146,51.0,59.0,1005.0,2009-03-10,0.026458
1147,51.0,59.0,1005.0,2009-03-11,0.034042
1148,51.0,59.0,1005.0,2009-03-12,0.029458
1149,51.0,59.0,1005.0,2009-03-13,0.02125
1150,51.0,59.0,1005.0,2009-03-14,0.022125
1151,51.0,59.0,1005.0,2009-03-15,0.014542
1152,51.0,59.0,1005.0,2009-03-16,0.01575
1153,51.0,59.0,1005.0,2009-03-17,0.019667
1154,51.0,59.0,1005.0,2009-03-18,0.028167
1155,51.0,59.0,1005.0,2009-03-19,0.025042
1156,51.0,59.0,1005.0,2009-03-20,0.027667
1157,51.0,59.0,1005.0,2009-03-21,0.0325
1158,51.0,59.0,1005.0,2009-03-22,0.039083
1159,51.0,59.0,1005.0,2009-03-23,0.038083
1160,51.0,59.0,1005.0,2009-03-24,0.030917
1161,51.0,59.0,1005.0,2009-03-25,0.033958
1162,51.0,59.0,1005.0,2009-03-26,0.01775
1163,51.0,59.0,1005.0,2009-03-27,0.02425
1164,51.0,59.0,1005.0,2009-03-28,0.025208
1165,51.0,59.0,1005.0,2009-03-29,0.030292
1166,51.0,59.0,1005.0,2009-03-30,0.036292
1167,51.0,59.0,1005.0,2009-03-31,0.031917
1168,51.0,59.0,1005.0,2009-04-01,0.018042
1169,51.0,59.0,1005.0,2009-04-02,0.018167
1170,51.0,59.0,1005.0,2009-04-03,0.044083
1171,51.0,59.0,1005.0,2009-04-04,0.048625
1172,51.0,59.0,1005.0,2009-04-05,0.047333
1173,51.0,59.0,1005.0,2009-04-06,0.036375
1174,51.0,59.0,1005.0,2009-04-07,0.042125
1175,51.0,59.0,1005.0,2009-04-08,0.04275
1176,51.0,59.0,1005.0,2009-04-09,0.041542
1177,51.0,59.0,1005.0,2009-04-10,0.041583
1178,51.0,59.0,1005.0,2009-04-11,0.034875
1179,51.0,59.0,1005.0,2009-04-12,0.043083
1180,51.0,59.0,1005.0,2009-04-13,0.036292
1181,51.0,59.0,1005.0,2009-04-14,0.030875
1182,51.0,59.0,1005.0,2009-04-15,0.023583
1183,51.0,59.0,1005.0,2009-04-16,0.038792
1184,51.0,59.0,1005.0,2009-04-17,0.044292
1185,51.0,59.0,1005.0,2009-04-18,0.051083
1186,51.0,59.0,1005.0,2009-04-19,0.048958
1187,51.0,59.0,1005.0,2009-04-20,0.027833
1188,51.0,59.0,1005.0,2009-04-21,0.0285
1189,51.0,59.0,1005.0,2009-04-22,0.0305
1190,51.0,59.0,1005.0,2009-04-23,0.036667
1191,51.0,59.0,1005.0,2009-04-24,0.045833
1192,51.0,59.0,1005.0,2009-04-25,0.048917
1193,51.0,59.0,1005.0,2009-04-26,0.051958
1194,51.0,59.0,1005.0,2009-04-27,0.047167
1195,51.0,59.0,1005.0,2009-04-28,0.047
1196,51.0,59.0,1005.0,2009-04-29,0.025292
1197,51.0,59.0,1005.0,2009-04-30,0.027333
1198,51.0,59.0,5001.0,2009-01-01,0.024958
1199,51.0,59.0,5001.0,2009-01-02,0.01925
1200,51.0,59.0,5001.0,2009-01-03,0.015625
1201,51.0,59.0,5001.0,2009-01-04,0.006625
1202,51.0,59.0,5001.0,2009-01-05,0.011917
1203,51.0,59.0,5001.0,2009-01-06,0.010417
1204,51.0,59.0,5001.0,2009-01-07,0.003917
1205,51.0,59.0,5001.0,2009-01-08,0.0235
1206,51.0,59.0,5001.0,2009-01-09,0.014333
1207,51.0,59.0,5001.0,2009-01-10,0.007792
1208,51.0,59.0,5001.0,2009-01-11,0.018333
1209,51.0,59.0,5001.0,2009-01-12,0.014875
1210,51.0,59.0,5001.0,2009-01-13,0.011667
1211,51.0,59.0,5001.0,2009-01-14,0.019583
1212,51.0,59.0,5001.0,2009-01-15,0.020292
1213,51.0,59.0,5001.0,2009-01-16,0.022708
1214,51.0,59.0,5001.0,2009-01-17,0.017708
1215,51.0,59.0,5001.0,2009-01-18,0.014667
1216,51.0,59.0,5001.0,2009-01-19,0.008125
1217,51.0,59.0,5001.0,2009-01-20,0.019167
1218,51.0,59.0,5001.0,2009-01-21,0.019042
1219,51.0,59.0,5001.0,2009-01-22,0.007708
1220,51.0,59.0,5001.0,2009-01-23,0.016167
1221,51.0,59.0,5001.0,2009-01-24,0.029042
1222,51.0,59.0,5001.0,2009-01-25,0.019292
1223,51.0,59.0,5001.0,2009-01-26,0.007917
1224,51.0,59.0,5001.0,2009-01-27,0.007083
1225,51.0,59.0,5001.0,2009-01-28,0.013083
1226,51.0,59.0,5001.0,2009-01-29,0.014917
1227,51.0,59.0,5001.0,2009-01-30,0.023917
1228,51.0,59.0,5001.0,2009-01-31,0.02475
1229,51.0,59.0,5001.0,2009-02-01,0.028
1230,51.0,59.0,5001.0,2009-02-02,0.025708
1231,51.0,59.0,5001.0,2009-02-03,0.027583
1232,51.0,59.0,5001.0,2009-02-04,0.029708
1233,51.0,59.0,5001.0,2009-02-05,0.021958
1234,51.0,59.0,5001.0,2009-02-06,0.008208
1235,51.0,59.0,5001.0,2009-02-07,0.025542
1236,51.0,59.0,5001.0,2009-02-08,0.034875
1237,51.0,59.0,5001.0,2009-02-09,0.02
1238,51.0,59.0,5001.0,2009-02-10,0.015917
1239,51.0,59.0,5001.0,2009-02-11,0.027917
1240,51.0,59.0,5001.0,2009-02-12,0.037417
1241,51.0,59.0,5001.0,2009-02-13,0.026708
1242,51.0,59.0,5001.0,2009-02-14,0.01925
1243,51.0,59.0,5001.0,2009-02-15,0.032417
1244,51.0,59.0,5001.0,2009-02-16,0.031125
1245,51.0,59.0,5001.0,2009-02-17,0.023083
1246,51.0,59.0,5001.0,2009-02-18,0.019167
1247,51.0,59.0,5001.0,2009-02-19,0.025875
1248,51.0,59.0,5001.0,2009-02-20,0.028833
1249,51.0,59.0,5001.0,2009-02-21,0.027792
1250,51.0,59.0,5001.0,2009-02-22,0.033833
1251,51.0,59.0,5001.0,2009-02-23,0.034208
1252,51.0,59.0,5001.0,2009-02-24,0.021625
1253,51.0,59.0,5001.0,2009-02-25,0.018833
1254,51.0,59.0,5001.0,2009-02-26,0.017625
1255,51.0,59.0,5001.0,2009-02-27,0.031208
1256,51.0,59.0,5001.0,2009-02-28,0.024333
1257,51.0,59.0,5001.0,2009-03-01,0.025917
1258,51.0,59.0,5001.0,2009-03-02,0.033417
1259,51.0,59.0,5001.0,2009-03-03,0.0275
1260,51.0,59.0,5001.0,2009-03-04,0.015833
1261,51.0,59.0,5001.0,2009-03-05,0.021375
1262,51.0,59.0,5001.0,2009-03-07,0.033292
1263,51.0,59.0,5001.0,2009-03-08,0.031625
1264,51.0,59.0,5001.0,2009-03-09,0.030458
1265,51.0,59.0,5001.0,2009-03-10,0.023708
1266,51.0,59.0,5001.0,2009-03-11,0.033417
1267,51.0,59.0,5001.0,2009-03-12,0.031167
1268,51.0,59.0,5001.0,2009-03-13,0.016625
1269,51.0,59.0,5001.0,2009-03-14,0.018917
1270,51.0,59.0,5001.0,2009-03-15,0.013833
1271,51.0,59.0,5001.0,2009-03-16,0.014583
1272,51.0,59.0,5001.0,2009-03-17,0.020125
1273,51.0,59.0,5001.0,2009-03-18,0.026333
1274,51.0,59.0,5001.0,2009-03-19,0.024458
1275,51.0,59.0,5001.0,2009-03-20,0.027583
1276,51.0,59.0,5001.0,2009-03-21,0.02875
1277,51.0,59.0,5001.0,2009-03-22,0.036625
1278,51.0,59.0,5001.0,2009-03-23,0.039583
1279,51.0,59.0,5001.0,2009-03-24,0.027583
1280,51.0,59.0,5001.0,2009-03-25,0.029792
1281,51.0,59.0,5001.0,2009-03-26,0.012917
1282,51.0,59.0,5001.0,2009-03-27,0.024542
1283,51.0,59.0,5001.0,2009-03-28,0.028708
1284,51.0,59.0,5001.0,2009-03-29,0.030375
1285,51.0,59.0,5001.0,2009-03-30,0.036375
1286,51.0,59.0,5001.0,2009-03-31,0.031292
1287,51.0,59.0,5001.0,2009-04-01,0.016375
1288,51.0,59.0,5001.0,2009-04-02,0.019917
1289,51.0,59.0,5001.0,2009-04-03,0.041292
1290,51.0,59.0,5001.0,2009-04-04,0.04775
1291,51.0,59.0,5001.0,2009-04-05,0.0435
1292,51.0,59.0,5001.0,2009-04-06,0.033833
1293,51.0,59.0,5001.0,2009-04-07,0.040708
1294,51.0,59.0,5001.0,2009-04-08,0.029875
1295,51.0,59.0,5001.0,2009-04-09,0.027375
1296,51.0,59.0,5001.0,2009-04-10,0.035208
1297,51.0,59.0,5001.0,2009-04-11,0.036917
1298,51.0,59.0,5001.0,2009-04-12,0.0415
1299,51.0,59.0,5001.0,2009-04-13,0.030917
1300,51.0,59.0,5001.0,2009-04-14,0.033
1301,51.0,59.0,5001.0,2009-04-15,0.024917
1302,51.0,59.0,5001.0,2009-04-16,0.037458
1303,51.0,59.0,5001.0,2009-04-17,0.03125
1304,51.0,59.0,5001.0,2009-04-18,0.033208
1305,51.0,59.0,5001.0,2009-04-19,0.043542
1306,51.0,59.0,5001.0,2009-04-20,0.028042
1307,51.0,59.0,5001.0,2009-04-21,0.024583
1308,51.0,59.0,5001.0,2009-04-22,0.029417
1309,51.0,59.0,5001.0,2009-04-23,0.030667
1310,51.0,59.0,5001.0,2009-04-24,0.038083
1311,51.0,59.0,5001.0,2009-04-25,0.0415
1312,51.0,59.0,5001.0,2009-04-26,0.046875
1313,51.0,59.0,5001.0,2009-04-27,0.043375
1314,51.0,59.0,5001.0,2009-04-28,0.043083
1315,51.0,59.0,5001.0,2009-04-29,0.026583
1316,51.0,59.0,5001.0,2009-04-30,0.025167
1317,51.0,510.0,9.0,2009-03-31,0.0305
1318,51.0,510.0,9.0,2009-04-01,0.012611
1319,51.0,510.0,9.0,2009-04-02,0.018833
1320,51.0,510.0,9.0,2009-04-03,0.039167
1321,51.0,510.0,9.0,2009-04-04,0.04275
1322,51.0,510.0,9.0,2009-04-05,0.04075
1323,51.0,510.0,9.0,2009-04-06,0.030625
1324,51.0,510.0,9.0,2009-04-07,0.03425
1325,51.0,510.0,9.0,2009-04-08,0.0245
1326,51.0,510.0,9.0,2009-04-09,0.025542
1327,51.0,510.0,9.0,2009-04-10,0.035208
1328,51.0,510.0,9.0,2009-04-11,0.028667
1329,51.0,510.0,9.0,2009-04-12,0.0355
1330,51.0,510.0,9.0,2009-04-13,0.034125
1331,51.0,510.0,9.0,2009-04-14,0.028542
1332,51.0,510.0,9.0,2009-04-15,0.015583
1333,51.0,510.0,9.0,2009-04-16,0.02575
1334,51.0,510.0,9.0,2009-04-17,0.020292
1335,51.0,510.0,9.0,2009-04-18,0.027333
1336,51.0,510.0,9.0,2009-04-19,0.035083
1337,51.0,510.0,9.0,2009-04-20,0.025833
1338,51.0,510.0,9.0,2009-04-21,0.020208
1339,51.0,510.0,9.0,2009-04-22,0.028556
1340,51.0,510.0,9.0,2009-04-23,0.024417
1341,51.0,510.0,9.0,2009-04-24,0.036542
1342,51.0,510.0,9.0,2009-04-25,0.038208
1343,51.0,510.0,9.0,2009-04-26,0.040042
1344,51.0,510.0,9.0,2009-04-27,0.042208
1345,51.0,510.0,9.0,2009-04-28,0.039167
1346,51.0,510.0,9.0,2009-04-29,0.028042
1347,51.0,510.0,9.0,2009-04-30,0.025917
1348,51.0,510.0,9.0,2009-05-01,0.022083
1349,51.0,510.0,9.0,2009-05-02,0.02425
1350,51.0,510.0,9.0,2009-05-03,0.0265
1351,51.0,510.0,9.0,2009-05-04,0.026833
1352,51.0,510.0,9.0,2009-05-05,0.021958
1353,51.0,510.0,9.0,2009-05-06,0.016
1354,51.0,510.0,9.0,2009-05-07,0.002615
1355,51.0,510.0,9.0,2009-05-08,0.025458
1356,51.0,510.0,9.0,2009-05-09,0.035625
1357,51.0,510.0,9.0,2009-05-10,0.036083
1358,51.0,510.0,9.0,2009-05-11,0.024
1359,51.0,510.0,9.0,2009-05-12,0.020958
1360,51.0,510.0,9.0,2009-05-13,0.037
1361,51.0,510.0,9.0,2009-05-14,0.029176
1362,51.0,510.0,9.0,2009-05-15,0.025417
1363,51.0,510.0,9.0,2009-05-16,0.022667
1364,51.0,510.0,9.0,2009-05-17,0.028875
1365,51.0,510.0,9.0,2009-05-18,0.026958
1366,51.0,510.0,9.0,2009-05-19,0.03
1367,51.0,510.0,9.0,2009-05-20,0.039167
1368,51.0,510.0,9.0,2009-05-21,0.03375
1369,51.0,510.0,9.0,2009-05-22,0.036875
1370,51.0,510.0,9.0,2009-05-23,0.028333
1371,51.0,510.0,9.0,2009-05-24,0.018417
1372,51.0,510.0,9.0,2009-05-25,0.016375
1373,51.0,510.0,9.0,2009-05-26,0.026125
1374,51.0,510.0,9.0,2009-05-27,0.011833
1375,51.0,510.0,9.0,2009-05-28,0.017
1376,51.0,510.0,9.0,2009-05-29,0.023
1377,51.0,510.0,9.0,2009-05-30,0.025833
1378,51.0,510.0,9.0,2009-05-31,0.036417
1379,51.0,510.0,9.0,2009-06-01,0.03425
1380,51.0,510.0,9.0,2009-06-02,0.038667
1381,51.0,510.0,9.0,2009-06-03,0.039833
1382,51.0,510.0,9.0,2009-06-04,0.021125
1383,51.0,510.0,9.0,2009-06-05,0.020583
1384,51.0,510.0,9.0,2009-06-06,0.02375
1385,51.0,510.0,9.0,2009-06-07,0.032792
1386,51.0,510.0,9.0,2009-06-08,0.04
1387,51.0,510.0,9.0,2009-06-09,0.032625
1388,51.0,510.0,9.0,2009-06-10,0.034208
1389,51.0,510.0,9.0,2009-06-11,0.027889
1390,51.0,510.0,9.0,2009-06-12,0.027208
1391,51.0,510.0,9.0,2009-06-13,0.034
1392,51.0,510.0,9.0,2009-06-14,0.03725
1393,51.0,510.0,9.0,2009-06-15,0.036917
1394,51.0,510.0,9.0,2009-06-16,0.028167
1395,51.0,510.0,9.0,2009-06-17,0.023333
1396,51.0,510.0,9.0,2009-06-18,0.019542
1397,51.0,510.0,9.0,2009-06-19,0.031333
1398,51.0,510.0,9.0,2009-06-20,0.027583
1399,51.0,510.0,9.0,2009-06-21,0.026792
1400,51.0,510.0,9.0,2009-06-22,0.022625
1401,51.0,510.0,9.0,2009-06-23,0.02975
1402,51.0,510.0,9.0,2009-06-24,0.029833
1403,51.0,510.0,9.0,2009-06-25,0.0365
1404,51.0,510.0,9.0,2009-06-26,0.043042
1405,51.0,510.0,9.0,2009-06-27,0.031667
1406,51.0,510.0,9.0,2009-06-28,0.022417
1407,51.0,510.0,9.0,2009-06-29,0.03
1408,51.0,510.0,9.0,2009-06-30,0.031292
1409,51.0,510.0,9.0,2009-07-01,0.028056
1410,51.0,510.0,9.0,2009-07-02,0.020333
1411,51.0,510.0,9.0,2009-07-03,0.022083
1412,51.0,510.0,9.0,2009-07-04,0.03025
1413,51.0,510.0,9.0,2009-07-05,0.027417
1414,51.0,510.0,9.0,2009-07-06,0.036875
1415,51.0,510.0,9.0,2009-07-07,0.03125
1416,51.0,510.0,9.0,2009-07-08,0.025722
1417,51.0,510.0,9.0,2009-07-09,0.027667
1418,51.0,510.0,9.0,2009-07-10,0.034458
1419,51.0,510.0,9.0,2009-07-11,0.031708
1420,51.0,510.0,9.0,2009-07-12,0.033875
1421,51.0,510.0,9.0,2009-07-13,0.036583
1422,51.0,510.0,9.0,2009-07-14,0.0295
1423,51.0,510.0,9.0,2009-07-15,0.018
1424,51.0,510.0,9.0,2009-07-16,0.033083
1425,51.0,510.0,9.0,2009-07-17,0.028292
1426,51.0,510.0,9.0,2009-07-18,0.031667
1427,51.0,510.0,9.0,2009-07-19,0.034958
1428,51.0,510.0,9.0,2009-07-20,0.032917
1429,51.0,510.0,9.0,2009-07-21,0.039458
1430,51.0,510.0,9.0,2009-07-22,0.034708
1431,51.0,510.0,9.0,2009-07-23,0.023542
1432,51.0,510.0,9.0,2009-07-24,0.029875
1433,51.0,510.0,9.0,2009-07-26,0.035917
1434,51.0,510.0,9.0,2009-07-27,0.0365
1435,51.0,510.0,9.0,2009-07-28,0.040375
1436,51.0,510.0,9.0,2009-07-29,0.027667
1437,51.0,510.0,9.0,2009-07-30,0.036917
1438,51.0,510.0,9.0,2009-07-31,0.020583
1439,51.0,510.0,9.0,2009-08-01,0.029083
1440,51.0,510.0,9.0,2009-08-02,0.026
1441,51.0,510.0,9.0,2009-08-03,0.0385
1442,51.0,510.0,9.0,2009-08-04,0.031167
1443,51.0,510.0,9.0,2009-08-05,0.03675
1444,51.0,510.0,9.0,2009-08-06,0.016875
1445,51.0,510.0,9.0,2009-08-07,0.021333
1446,51.0,510.0,9.0,2009-08-08,0.039333
1447,51.0,510.0,9.0,2009-08-09,0.032917
1448,51.0,510.0,9.0,2009-08-10,0.028042
1449,51.0,510.0,9.0,2009-08-11,0.036167
1450,51.0,510.0,9.0,2009-08-12,0.038111
1451,51.0,510.0,9.0,2009-08-13,0.038875
1452,51.0,510.0,9.0,2009-08-14,0.035167
1453,51.0,510.0,9.0,2009-08-15,0.0375
1454,51.0,510.0,9.0,2009-08-16,0.039125
1455,51.0,510.0,9.0,2009-08-17,0.039208
1456,51.0,510.0,9.0,2009-08-18,0.030792
1457,51.0,510.0,9.0,2009-08-19,0.020125
1458,51.0,510.0,9.0,2009-08-20,0.02725
1459,51.0,510.0,9.0,2009-08-21,0.026083
1460,51.0,510.0,9.0,2009-08-22,0.018708
1461,51.0,510.0,9.0,2009-08-23,0.030708
1462,51.0,510.0,9.0,2009-08-24,0.024083
1463,51.0,510.0,9.0,2009-08-25,0.038542
1464,51.0,510.0,9.0,2009-08-26,0.034833
1465,51.0,510.0,9.0,2009-08-27,0.042583
1466,51.0,510.0,9.0,2009-08-28,0.025625
1467,51.0,510.0,9.0,2009-08-29,0.021458
1468,51.0,510.0,9.0,2009-08-30,0.035708
1469,51.0,510.0,9.0,2009-08-31,0.017375
1470,51.0,510.0,9.0,2009-09-01,0.022208
1471,51.0,510.0,9.0,2009-09-02,0.024278
1472,51.0,510.0,9.0,2009-09-03,0.025625
1473,51.0,510.0,9.0,2009-09-04,0.035208
1474,51.0,510.0,9.0,2009-09-05,0.032
1475,51.0,510.0,9.0,2009-09-06,0.035542
1476,51.0,510.0,9.0,2009-09-07,0.021042
1477,51.0,510.0,9.0,2009-09-08,0.017458
1478,51.0,510.0,9.0,2009-09-09,0.022278
1479,51.0,510.0,9.0,2009-09-10,0.024458
1480,51.0,510.0,9.0,2009-09-11,0.014333
1481,51.0,510.0,9.0,2009-09-12,0.013833
1482,51.0,510.0,9.0,2009-09-13,0.018292
1483,51.0,510.0,9.0,2009-09-14,0.025583
1484,51.0,510.0,9.0,2009-09-15,0.033833
1485,51.0,510.0,9.0,2009-09-16,0.021875
1486,51.0,510.0,9.0,2009-09-17,0.014167
1487,51.0,510.0,9.0,2009-09-18,0.016792
1488,51.0,510.0,9.0,2009-09-19,0.024167
1489,51.0,510.0,9.0,2009-09-20,0.027042
1490,51.0,510.0,9.0,2009-09-21,0.023708
1491,51.0,510.0,9.0,2009-09-22,0.019167
1492,51.0,510.0,9.0,2009-09-23,0.020292
1493,51.0,510.0,9.0,2009-09-24,0.023042
1494,51.0,510.0,9.0,2009-09-25,0.017792
1495,51.0,510.0,9.0,2009-09-26,0.019625
1496,51.0,510.0,9.0,2009-09-27,0.019292
1497,51.0,510.0,9.0,2009-09-28,0.022375
1498,51.0,510.0,9.0,2009-09-29,0.01125
1499,51.0,510.0,9.0,2009-09-30,0.005278
1500,51.0,510.0,9.0,2009-10-01,0.014083
1501,51.0,510.0,9.0,2009-10-02,0.027042
1502,51.0,510.0,9.0,2009-10-03,0.019667
1503,51.0,510.0,9.0,2009-10-04,0.016458
1504,51.0,510.0,9.0,2009-10-05,0.010333
1505,51.0,510.0,9.0,2009-10-06,0.022667
1506,51.0,510.0,9.0,2009-10-07,0.017292
1507,51.0,510.0,9.0,2009-10-08,0.020375
1508,51.0,510.0,9.0,2009-10-09,0.030292
1509,51.0,510.0,9.0,2009-10-10,0.012583
1510,51.0,510.0,9.0,2009-10-11,0.014667
1511,51.0,510.0,9.0,2009-10-12,0.006458
1512,51.0,510.0,9.0,2009-10-13,0.018292
1513,51.0,510.0,9.0,2009-10-14,0.007167
1514,51.0,510.0,9.0,2009-10-15,0.00525
1515,51.0,510.0,9.0,2009-10-16,0.0055
1516,51.0,510.0,9.0,2009-10-17,0.009208
1517,51.0,510.0,9.0,2009-10-18,0.017458
1518,51.0,510.0,9.0,2009-10-19,0.011292
1519,51.0,510.0,9.0,2009-10-20,0.008375
1520,51.0,510.0,9.0,2009-10-21,0.012083
1521,51.0,510.0,9.0,2009-10-22,0.016118
1522,51.0,510.0,9.0,2009-10-23,0.016167
1523,51.0,510.0,9.0,2009-10-24,0.021667
1524,51.0,510.0,9.0,2009-10-25,0.014458
1525,51.0,510.0,9.0,2009-10-26,0.015917
1526,51.0,510.0,9.0,2009-10-27,0.003875
1527,51.0,510.0,9.0,2009-10-28,0.014944
1528,51.0,510.0,9.0,2009-10-29,0.011667
1529,51.0,510.0,9.0,2009-10-30,0.024
1530,51.0,510.0,9.0,2009-10-31,0.017263
1531,51.0,87.0,14.0,2010-10-21,0.023125
1532,51.0,87.0,14.0,2010-10-22,0.014292
1533,51.0,87.0,14.0,2010-10-23,0.024333
1534,51.0,87.0,14.0,2010-10-24,0.02975
1535,51.0,87.0,14.0,2010-10-25,0.019042
1536,51.0,87.0,14.0,2010-10-26,0.014542
1537,51.0,87.0,14.0,2010-10-27,0.0145
1538,51.0,87.0,14.0,2010-10-28,0.021208
1539,51.0,87.0,14.0,2010-10-29,0.016333
1540,51.0,87.0,14.0,2010-10-30,0.020625
1541,51.0,87.0,14.0,2010-10-31,0.036947
1542,51.0,510.0,9.0,2010-03-31,0.0
1543,51.0,510.0,9.0,2010-04-01,0.030083
1544,51.0,510.0,9.0,2010-04-02,0.039417
1545,51.0,510.0,9.0,2010-04-03,0.033917
1546,51.0,510.0,9.0,2010-04-04,0.031292
1547,51.0,510.0,9.0,2010-04-05,0.026792
1548,51.0,510.0,9.0,2010-04-06,0.039292
1549,51.0,510.0,9.0,2010-04-07,0.044625
1550,51.0,510.0,9.0,2010-04-08,0.040542
1551,51.0,510.0,9.0,2010-04-09,0.032333
1552,51.0,510.0,9.0,2010-04-10,0.036625
1553,51.0,510.0,9.0,2010-04-11,0.034583
1554,51.0,510.0,9.0,2010-04-12,0.039542
1555,51.0,510.0,9.0,2010-04-13,0.022292
1556,51.0,510.0,9.0,2010-04-14,0.036611
1557,51.0,510.0,9.0,2010-04-15,0.03375
1558,51.0,510.0,9.0,2010-04-16,0.041292
1559,51.0,510.0,9.0,2010-04-17,0.038167
1560,51.0,510.0,9.0,2010-04-18,0.024125
1561,51.0,510.0,9.0,2010-04-19,0.020917
1562,51.0,510.0,9.0,2010-04-20,0.029833
1563,51.0,510.0,9.0,2010-04-21,0.018333
1564,51.0,510.0,9.0,2010-04-22,0.029208
1565,51.0,510.0,9.0,2010-04-23,0.032125
1566,51.0,510.0,9.0,2010-04-24,0.031792
1567,51.0,510.0,9.0,2010-04-25,0.024208
1568,51.0,510.0,9.0,2010-04-26,0.013917
1569,51.0,510.0,9.0,2010-04-27,0.031647
1570,51.0,510.0,9.0,2010-04-28,0.024111
1571,51.0,510.0,9.0,2010-04-29,0.026792
1572,51.0,510.0,9.0,2010-04-30,0.037625
1573,51.0,510.0,9.0,2010-05-01,0.040542
1574,51.0,510.0,9.0,2010-05-02,0.024042
1575,51.0,510.0,9.0,2010-05-03,0.013167
1576,51.0,510.0,9.0,2010-05-04,0.029125
1577,51.0,510.0,9.0,2010-05-05,0.050222
1578,51.0,510.0,9.0,2010-05-06,0.046875
1579,51.0,510.0,9.0,2010-05-07,0.040875
1580,51.0,510.0,9.0,2010-05-08,0.040917
1581,51.0,510.0,9.0,2010-05-09,0.038958
1582,51.0,510.0,9.0,2010-05-10,0.03075
1583,51.0,510.0,9.0,2010-05-11,0.033708
1584,51.0,510.0,9.0,2010-05-12,0.026778
1585,51.0,510.0,9.0,2010-05-13,0.027292
1586,51.0,510.0,9.0,2010-05-14,0.0275
1587,51.0,510.0,9.0,2010-05-15,0.031
1588,51.0,510.0,9.0,2010-05-16,0.035542
1589,51.0,510.0,9.0,2010-05-17,0.032875
1590,51.0,510.0,9.0,2010-05-18,0.027917
1591,51.0,510.0,9.0,2010-05-19,0.014944
1592,51.0,510.0,9.0,2010-05-20,0.032292
1593,51.0,510.0,9.0,2010-05-21,0.041583
1594,51.0,510.0,9.0,2010-05-22,0.038583
1595,51.0,510.0,9.0,2010-05-23,0.027542
1596,51.0,510.0,9.0,2010-05-24,0.020875
1597,51.0,510.0,9.0,2010-05-25,0.014375
1598,51.0,510.0,9.0,2010-05-26,0.027375
1599,51.0,510.0,9.0,2010-05-27,0.044917
1600,51.0,510.0,9.0,2010-05-28,0.029667
1601,51.0,510.0,9.0,2010-05-29,0.034125
1602,51.0,510.0,9.0,2010-05-30,0.04125
1603,51.0,510.0,9.0,2010-05-31,0.034208
1604,51.0,510.0,9.0,2010-06-01,0.029292
1605,51.0,510.0,9.0,2010-06-02,0.044389
1606,51.0,510.0,9.0,2010-06-03,0.035583
1607,51.0,510.0,9.0,2010-06-04,0.041542
1608,51.0,510.0,9.0,2010-06-05,0.030667
1609,51.0,510.0,9.0,2010-06-06,0.031333
1610,51.0,510.0,9.0,2010-06-07,0.029625
1611,51.0,510.0,9.0,2010-06-08,0.032958
1612,51.0,510.0,9.0,2010-06-09,0.031167
1613,51.0,510.0,9.0,2010-06-10,0.032917
1614,51.0,510.0,9.0,2010-06-11,0.048083
1615,51.0,510.0,9.0,2010-06-12,0.039042
1616,51.0,510.0,9.0,2010-06-13,0.031
1617,51.0,510.0,9.0,2010-06-14,0.029625
1618,51.0,510.0,9.0,2010-06-15,0.033375
1619,51.0,510.0,9.0,2010-06-16,0.03125
1620,51.0,510.0,9.0,2010-06-17,0.0365
1621,51.0,510.0,9.0,2010-06-18,0.045042
1622,51.0,510.0,9.0,2010-06-19,0.048417
1623,51.0,510.0,9.0,2010-06-20,0.04725
1624,51.0,510.0,9.0,2010-06-21,0.042083
1625,51.0,510.0,9.0,2010-06-22,0.041125
1626,51.0,510.0,9.0,2010-06-23,0.042333
1627,51.0,510.0,9.0,2010-06-24,0.041125
1628,51.0,510.0,9.0,2010-06-25,0.040542
1629,51.0,510.0,9.0,2010-06-26,0.040208
1630,51.0,510.0,9.0,2010-06-27,0.039875
1631,51.0,510.0,9.0,2010-06-28,0.036542
1632,51.0,510.0,9.0,2010-06-29,0.0415
1633,51.0,510.0,9.0,2010-06-30,0.038056
1634,51.0,510.0,9.0,2010-07-01,0.029167
1635,51.0,510.0,9.0,2010-07-02,0.034167
1636,51.0,510.0,9.0,2010-07-03,0.049417
1637,51.0,510.0,9.0,2010-07-04,0.051708
1638,51.0,510.0,9.0,2010-07-05,0.045875
1639,51.0,510.0,9.0,2010-07-06,0.045042
1640,51.0,510.0,9.0,2010-07-07,0.054875
1641,51.0,510.0,9.0,2010-07-08,0.043167
1642,51.0,510.0,9.0,2010-07-09,0.033208
1643,51.0,510.0,9.0,2010-07-10,0.030458
1644,51.0,510.0,9.0,2010-07-11,0.03925
1645,51.0,510.0,9.0,2010-07-12,0.034833
1646,51.0,510.0,9.0,2010-07-13,0.032042
1647,51.0,510.0,9.0,2010-07-14,0.027
1648,51.0,510.0,9.0,2010-07-15,0.048167
1649,51.0,510.0,9.0,2010-07-16,0.044833
1650,51.0,510.0,9.0,2010-07-17,0.042458
1651,51.0,510.0,9.0,2010-07-18,0.040083
1652,51.0,510.0,9.0,2010-07-19,0.03225
1653,51.0,510.0,9.0,2010-07-20,0.031875
1654,51.0,510.0,9.0,2010-07-21,0.031208
1655,51.0,510.0,9.0,2010-07-22,0.039875
1656,51.0,510.0,9.0,2010-07-23,0.0395
1657,51.0,510.0,9.0,2010-07-24,0.036375
1658,51.0,510.0,9.0,2010-07-25,0.033
1659,51.0,510.0,9.0,2010-07-26,0.036
1660,51.0,510.0,9.0,2010-07-27,0.041792
1661,51.0,510.0,9.0,2010-07-28,0.04475
1662,51.0,510.0,9.0,2010-07-29,0.029208
1663,51.0,510.0,9.0,2010-07-30,0.036042
1664,51.0,510.0,9.0,2010-07-31,0.049
1665,51.0,510.0,9.0,2010-08-01,0.04
1666,51.0,510.0,9.0,2010-08-02,0.035042
1667,51.0,510.0,9.0,2010-08-03,0.028958
1668,51.0,510.0,9.0,2010-08-04,0.044556
1669,51.0,510.0,9.0,2010-08-05,0.033889
1670,51.0,510.0,9.0,2010-08-06,0.0386
1671,51.0,510.0,9.0,2010-08-07,0.041667
1672,51.0,510.0,9.0,2010-08-08,0.0435
1673,51.0,510.0,9.0,2010-08-09,0.046833
1674,51.0,510.0,9.0,2010-08-10,0.053667
1675,51.0,510.0,9.0,2010-08-11,0.066292
1676,51.0,510.0,9.0,2010-08-12,0.047625
1677,51.0,510.0,9.0,2010-08-13,0.022375
1678,51.0,510.0,9.0,2010-08-14,0.028042
1679,51.0,510.0,9.0,2010-08-15,0.021958
1680,51.0,510.0,9.0,2010-08-16,0.031542
1681,51.0,510.0,9.0,2010-08-17,0.05225
1682,51.0,510.0,9.0,2010-08-18,0.027471
1683,51.0,510.0,9.0,2010-08-19,0.0435
1684,51.0,510.0,9.0,2010-08-20,0.048792
1685,51.0,510.0,9.0,2010-08-21,0.052417
1686,51.0,510.0,9.0,2010-08-22,0.035125
1687,51.0,510.0,9.0,2010-08-23,0.034708
1688,51.0,510.0,9.0,2010-08-24,0.020208
1689,51.0,510.0,9.0,2010-08-25,0.027167
1690,51.0,510.0,9.0,2010-08-26,0.027292
1691,51.0,510.0,9.0,2010-08-27,0.033625
1692,51.0,510.0,9.0,2010-08-28,0.043542
1693,51.0,510.0,9.0,2010-08-29,0.041833
1694,51.0,510.0,9.0,2010-08-30,0.035875
1695,51.0,510.0,9.0,2010-08-31,0.046833
1696,51.0,510.0,9.0,2010-09-01,0.0495
1697,51.0,510.0,9.0,2010-09-02,0.047
1698,51.0,510.0,9.0,2010-09-03,0.041583
1699,51.0,510.0,9.0,2010-09-04,0.030792
1700,51.0,510.0,9.0,2010-09-05,0.034042
1701,51.0,510.0,9.0,2010-09-06,0.039958
1702,51.0,510.0,9.0,2010-09-07,0.04675
1703,51.0,510.0,9.0,2010-09-08,0.042292
1704,51.0,510.0,9.0,2010-09-09,0.028792
1705,51.0,510.0,9.0,2010-09-10,0.018042
1706,51.0,510.0,9.0,2010-09-11,0.029125
1707,51.0,510.0,9.0,2010-09-12,0.021625
1708,51.0,510.0,9.0,2010-09-13,0.018417
1709,51.0,510.0,9.0,2010-09-14,0.018542
1710,51.0,510.0,9.0,2010-09-15,0.0294
1711,51.0,510.0,9.0,2010-09-16,0.030917
1712,51.0,510.0,9.0,2010-09-17,0.0285
1713,51.0,510.0,9.0,2010-09-18,0.027792
1714,51.0,510.0,9.0,2010-09-19,0.036667
1715,51.0,510.0,9.0,2010-09-20,0.022958
1716,51.0,510.0,9.0,2010-09-21,0.032083
1717,51.0,510.0,9.0,2010-09-22,0.038667
1718,51.0,510.0,9.0,2010-09-23,0.043917
1719,51.0,510.0,9.0,2010-09-24,0.050278
1720,51.0,510.0,9.0,2010-09-25,0.043875
1721,51.0,510.0,9.0,2010-09-26,0.019417
1722,51.0,510.0,9.0,2010-09-27,0.014958
1723,51.0,510.0,9.0,2010-09-28,0.02625
1724,51.0,510.0,9.0,2010-09-29,0.010583
1725,51.0,510.0,9.0,2010-09-30,0.012958
1726,51.0,510.0,9.0,2010-10-01,0.022958
1727,51.0,510.0,9.0,2010-10-02,0.017167
1728,51.0,510.0,9.0,2010-10-03,0.017083
1729,51.0,510.0,9.0,2010-10-04,0.012167
1730,51.0,510.0,9.0,2010-10-05,0.010708
1731,51.0,510.0,9.0,2010-10-06,0.00975
1732,51.0,510.0,9.0,2010-10-07,0.026042
1733,51.0,510.0,9.0,2010-10-08,0.019208
1734,51.0,510.0,9.0,2010-10-09,0.02075
1735,51.0,510.0,9.0,2010-10-10,0.028167
1736,51.0,510.0,9.0,2010-10-11,0.032958
1737,51.0,510.0,9.0,2010-10-12,0.029917
1738,51.0,510.0,9.0,2010-10-13,0.018444
1739,51.0,510.0,9.0,2010-10-14,0.015
1740,51.0,510.0,9.0,2010-10-15,0.022083
1741,51.0,510.0,9.0,2010-10-16,0.017542
1742,51.0,510.0,9.0,2010-10-17,0.019
1743,51.0,510.0,9.0,2010-10-18,0.017333
1744,51.0,510.0,9.0,2010-10-19,0.011292
1745,51.0,510.0,9.0,2010-10-20,0.014778
1746,51.0,650.0,8.0,2010-06-23,0.053708
1747,51.0,650.0,8.0,2010-06-24,0.047
1748,51.0,650.0,8.0,2010-06-25,0.050042
1749,51.0,650.0,8.0,2010-06-26,0.0535
1750,51.0,650.0,8.0,2010-06-27,0.049625
1751,51.0,650.0,8.0,2010-06-28,0.046042
1752,51.0,650.0,8.0,2010-06-29,0.050333
1753,51.0,650.0,8.0,2010-06-30,0.039208
1754,51.0,650.0,8.0,2010-07-01,0.041
1755,51.0,650.0,8.0,2010-07-02,0.034333
1756,51.0,650.0,8.0,2010-07-07,0.073625
1757,51.0,650.0,8.0,2010-07-08,0.041833
1758,51.0,650.0,8.0,2010-07-09,0.033542
1759,51.0,650.0,8.0,2010-07-10,0.038542
1760,51.0,650.0,8.0,2010-07-11,0.047125
1761,51.0,650.0,8.0,2010-07-12,0.042208
1762,51.0,650.0,8.0,2010-07-13,0.036292
1763,51.0,650.0,8.0,2010-07-14,0.038875
1764,51.0,650.0,8.0,2010-07-15,0.047417
1765,51.0,650.0,8.0,2010-07-16,0.042708
1766,51.0,650.0,8.0,2010-07-17,0.04275
1767,51.0,650.0,8.0,2010-07-18,0.041
1768,51.0,650.0,8.0,2010-07-19,0.02625
1769,51.0,650.0,8.0,2010-07-20,0.03
1770,51.0,650.0,8.0,2010-07-21,0.036208
1771,51.0,650.0,8.0,2010-07-22,0.049958
1772,51.0,650.0,8.0,2010-07-23,0.04425
1773,51.0,650.0,8.0,2010-07-24,0.038917
1774,51.0,650.0,8.0,2010-07-25,0.03975
1775,51.0,650.0,8.0,2010-07-26,0.032542
1776,51.0,650.0,8.0,2010-07-27,0.036083
1777,51.0,650.0,8.0,2010-07-28,0.037
1778,51.0,650.0,8.0,2010-07-29,0.039
1779,51.0,650.0,8.0,2010-07-30,0.03775
1780,51.0,650.0,8.0,2010-07-31,0.044615
1781,51.0,650.0,8.0,2010-08-01,0.042458
1782,51.0,650.0,8.0,2010-08-02,0.037542
1783,51.0,650.0,8.0,2010-08-03,0.030375
1784,51.0,650.0,8.0,2010-08-04,0.038125
1785,51.0,650.0,8.0,2010-08-05,0.041917
1786,51.0,650.0,8.0,2010-08-06,0.043833
1787,51.0,650.0,8.0,2010-08-07,0.051542
1788,51.0,650.0,8.0,2010-08-08,0.043375
1789,51.0,650.0,8.0,2010-08-09,0.034833
1790,51.0,650.0,8.0,2010-08-10,0.043833
1791,51.0,650.0,8.0,2010-08-11,0.061
1792,51.0,650.0,8.0,2010-08-12,0.057792
1793,51.0,650.0,8.0,2010-08-13,0.036125
1794,51.0,650.0,8.0,2010-08-14,0.027042
1795,51.0,650.0,8.0,2010-08-15,0.030833
1796,51.0,650.0,8.0,2010-08-16,0.03075
1797,51.0,650.0,8.0,2010-08-17,0.030667
1798,51.0,650.0,8.0,2010-08-18,0.023917
1799,51.0,650.0,8.0,2010-08-19,0.024667
1800,51.0,650.0,8.0,2010-08-20,0.039583
1801,51.0,650.0,8.0,2010-08-21,0.054542
1802,51.0,650.0,8.0,2010-08-22,0.031667
1803,51.0,650.0,8.0,2010-08-23,0.046083
1804,51.0,650.0,8.0,2010-08-24,0.032467
1805,51.0,650.0,8.0,2010-08-25,0.031542
1806,51.0,650.0,8.0,2010-08-26,0.045792
1807,51.0,650.0,8.0,2010-08-27,0.04575
1808,51.0,650.0,8.0,2010-08-28,0.042792
1809,51.0,650.0,8.0,2010-08-29,0.045458
1810,51.0,650.0,8.0,2010-08-30,0.039875
1811,51.0,650.0,8.0,2010-08-31,0.046417
1812,51.0,650.0,8.0,2010-09-01,0.051208
1813,51.0,650.0,8.0,2010-09-02,0.034458
1814,51.0,650.0,8.0,2010-09-03,0.036125
1815,51.0,650.0,8.0,2010-09-04,0.039125
1816,51.0,650.0,8.0,2010-09-05,0.032875
1817,51.0,650.0,8.0,2010-09-06,0.039458
1818,51.0,650.0,8.0,2010-09-07,0.042708
1819,51.0,650.0,8.0,2010-09-08,0.041292
1820,51.0,650.0,8.0,2010-09-09,0.048
1821,51.0,650.0,8.0,2010-09-10,0.032167
1822,51.0,650.0,8.0,2010-09-11,0.033542
1823,51.0,650.0,8.0,2010-09-12,0.03575
1824,51.0,650.0,8.0,2010-09-13,0.039208
1825,51.0,650.0,8.0,2010-09-14,0.043958
1826,51.0,650.0,8.0,2010-09-15,0.047875
1827,51.0,650.0,8.0,2010-09-16,0.050833
1828,51.0,650.0,8.0,2010-09-17,0.051292
1829,51.0,650.0,8.0,2010-09-18,0.035708
1830,51.0,650.0,8.0,2010-09-19,0.037875
1831,51.0,650.0,8.0,2010-09-20,0.03325
1832,51.0,650.0,8.0,2010-09-21,0.043875
1833,51.0,650.0,8.0,2010-09-22,0.046625
1834,51.0,650.0,8.0,2010-09-23,0.049542
1835,51.0,650.0,8.0,2010-09-24,0.0455
1836,51.0,650.0,8.0,2010-09-25,0.037708
1837,51.0,650.0,8.0,2010-09-26,0.030958
1838,51.0,650.0,8.0,2010-09-27,0.019625
1839,51.0,650.0,8.0,2010-09-28,0.020875
1840,51.0,650.0,8.0,2010-09-29,0.022625
1841,51.0,650.0,8.0,2010-09-30,0.021792
1842,51.0,650.0,8.0,2010-10-01,0.031125
1843,51.0,650.0,8.0,2010-10-02,0.030417
1844,51.0,650.0,8.0,2010-10-03,0.033125
1845,51.0,650.0,8.0,2010-10-04,0.02375
1846,51.0,650.0,8.0,2010-10-05,0.018292
1847,51.0,650.0,8.0,2010-10-06,0.019167
1848,51.0,650.0,8.0,2010-10-07,0.044458
1849,51.0,650.0,8.0,2010-10-08,0.032292
1850,51.0,650.0,8.0,2010-10-09,0.0315
1851,51.0,650.0,8.0,2010-10-10,0.041417
1852,51.0,650.0,8.0,2010-10-11,0.051292
1853,51.0,650.0,8.0,2010-10-12,0.046042
1854,51.0,650.0,8.0,2010-10-13,0.035917
1855,51.0,650.0,8.0,2010-10-14,0.031
1856,51.0,650.0,8.0,2010-10-15,0.028458
1857,51.0,650.0,8.0,2010-10-16,0.022917
1858,51.0,650.0,8.0,2010-10-17,0.030958
1859,51.0,650.0,8.0,2010-10-18,0.037333
1860,51.0,650.0,8.0,2010-10-19,0.037292
1861,51.0,650.0,8.0,2010-10-20,0.034417
1862,51.0,650.0,8.0,2010-10-21,0.036417
1863,51.0,650.0,8.0,2010-10-22,0.019542
1864,51.0,650.0,8.0,2010-10-23,0.031458
1865,51.0,650.0,8.0,2010-10-24,0.036792
1866,51.0,650.0,8.0,2010-10-25,0.027833
1867,51.0,650.0,8.0,2010-10-26,0.021958
1868,51.0,650.0,8.0,2010-10-27,0.022375
1869,51.0,650.0,8.0,2010-10-28,0.026833
1870,51.0,650.0,8.0,2010-10-29,0.025042
1871,51.0,650.0,8.0,2010-10-30,0.031083
1872,51.0,650.0,8.0,2010-10-31,0.042053
